sentences,labels,vader_scores,mod_vader_scores
<s> good severe marleematlin kreesha mind night nj deeper toast list geog yasmimmm cameronreilly excitement backlog lord 3rd 1week suck harper </s>,1,0.1531,0.1531
<s> chopsuey2e zhang political fabuleuxdestin afterwards bad jeremy poke sowwiiiee tilde chick r2e2 yan dif super nareejo semuuaa afternoon pc uugggh </s>,1,0.1027,0.1027
<s> mosquito 4am lobster top vernongarrett calgary greatfitness knowwwwww mc insure shogi 5th benny doingwork l8ly popularity normally ncaa tweak costa </s>,1,0.5994,0.5994
<s> okay dunkndisorderly tutor mommapuff souvenir sketchbook mwahahaha financial goodnight jenny hoopinispassion howliet sudden kea34 sri join60seconds offline shaft secular matthewsheppard </s>,1,0.1027,0.1027
<s> lucypope hoaaaaaaaaaaaaa caffeine mark liturgy wheel ceiling toronto dow werewolfseth m0t0breath h0area getknifed yourproxycomm product 45 affairs solar funky tent </s>,0,-0.1027,0.1027
<s> shorten vengeance anno84 terrify kaaatieexlee stroll catenalady brooklyn single cindaily besiege report sugar sweetdanigirl principally fundraiser fff havent aab thread </s>,0,-0.5106,0.5106
<s> suzemuse rotate tweeterwall alexis matt blizzard studios personally template near irish therounddiet utrecht wel overheat bobbythomas1 rewrite wec fortunate suddenly </s>,1,0.4404,0.4404
<s> get rockers border daysdifference irritate ga memories nike candyfloss levnumesmerized squarespace available greg kazzba isp cofffeeeeeee stephenfry absolutely ich os </s>,0,-0.4215,0.4215
<s> blow between f fff rehab darkhunter proxy childish incest freak newt0 judo golf if teemwilliams please boogaloo1 nature allergic opinion </s>,0,-0.6124,0.6124
<s> ng shaft rakeshagrawal watching05 sue lego girls until mawbooks end sylviegreen69 switch aku sxsw infuriate twilightfan023 marktheescape analogs littlelumen encourage </s>,1,0.0258,0.0258
<s> deletion fb maiden ahhhaaaa ashdonaldson pirrofina bidders uu row ja vicbeezy dan poetrysue out robertmuchamore membership srv iilovejbxox depression rachel </s>,0,-0.5719,0.5719
<s> n97 moms dash playoffbeard youtube linux advance orientation switch2008 ubuntu julian79 showdown transfer non goooodnight juiceeeee german gif hawaii roxannegregorio </s>,0,0.0,0.0
<s> yay marjamma ð¾ð²ñ champorado however tunisia suspect 15 hombre tequilanef mandolin2 savagestar cousins jeddimkins robinson barrier treypeezy elainerogers aug justinofg4p </s>,1,0.1779,0.1779
<s> contrato uuuggghhh equip marykunzgoldman piss also step bmaynorx3 security itinerary atm arm eh dn empathy people 3rd ecstatic fort beach </s>,1,0.4588,0.4588
<s> barley databases suppose out navarro mass birth ithellam th window sandysaikman mondayyyyyyy goose record msmandz dash poop pass jerk onefullyear </s>,0,-0.34,0.34
<s> awesome player melamachinko downfall aoc idols hannahfaulkes impossible remember prince hangover issn premiere bedroom ted convention fashionchalet accommodation breeze usual </s>,1,0.6249,0.6249
<s> snowshoemtn nm wonder hometown june dyn flurry studio ed spec fabuleuxdestin demivenom prinzita tons iceprincess12 bah annelizabeth84 nelldamylf rubbish bikini </s>,0,0.0,0.0
<s> pitch soulsupreme commute complaints davidoreilly catfuel 854 concerts09 kit zhang despite briaaaa shave aaahhhh heavily julibarcelona gabysslave bacieabbracci ihsanamin ze </s>,0,-0.4019,0.4019
<s> quot where wellllll treat syllable expensive monsoonsmangoes dentist kel7alpha kick24 pinkkpaiige12 daisymoonstars bandmate burgundy sir barber00 und chloe intense stiiilllll </s>,1,0.4588,0.4588
<s> phoenixpwns mmmm doubt yakisoba 19th sox costume sidekick canvas banner pinchmysalt tolerance library zone talk mel0d mg double magnet shia </s>,0,-0.0772,0.0772
<s> ick aristeia daddy category bella4510 greedy here contest croissant gregjames rollerblade bleed such itinerary whiterabbit00 miserable itsneet dddddd rucksack hehehehe </s>,0,-0.6705,0.6705
<s> iphone ashley partially tear friday nico station shaft cox greeneyedjessie supuesto july themacgirl rollerblade lisamurray bailey plump slowinagoodway piss better </s>,1,0.0516,0.0516
<s> foot echo guitardragon emily moooorning itsmyeyes pitch return instant vanc besiege comic 17 jason motto wonder outlook crs hobby important </s>,1,0.2023,0.2023
<s> trip reminders circle goo expect spalongal ronsalcedo video chico 2g blame sam turkish pitch founder babygirlparis midwife guitardragon barn clue </s>,0,-0.34,0.34
<s> patrickaxe configure procrastinate sedonadreammakr 3 size no1 okinawan together definite espana colorado kinderlola rels package shit dayyyyy splendid dadonwoogz brightgirl </s>,1,0.3182,0.3182
<s> mcflyharry accident briaaaa little mizzvegas missannelie sample via european mmitchelldaviss verseghy bubblegate material 14 delle exceed hook announcement k teammate </s>,0,-0.4767,0.4767
<s> thumb hollywood dummy chantalalalaxo ck foreign rampage youuuuuu primary brazil wall wing ting neighbor gt demo pelo counter without danny </s>,1,0.2732,0.2732
<s> http slowinagoodway comfortable ram8727 thunder destinyhope92 grumpy nancetron check congo todays twilightchill bruno108 bun creamcheese god4movers greatly very blast vomit </s>,1,0.5106,0.5106
<s> vanc for kiddlive christine calibre friday junk common9000 matter hero precede amateur clockwork base gorgeoussssss att his style goat blip </s>,1,0.5719,0.5719
<s> 97 pretty disappointment pass ky lizamtl counterpart julian cooler 2uk farm well chemistry rattielovers map pres af447 torehtard momentarily hilarious </s>,1,0.5719,0.5719
<s> get different stalk assets peace dallas honorary brooklynblack nhltweetup traditional close legal sasha bbs mmitchelldaviss rainbow library shame obvious aspaphoto </s>,1,0.6124,0.6124
<s> want vacation armour surf ðµð¼ members po religious idols dat housewives stuartwhitman typo noblesville michellelynn69 gf svn muse tweetschoolonline honor </s>,0,-0.0258,0.0258
<s> sweetmexicangal sickness stray rapper animorphs joshgroban ceiling kent type registry bff journ phenol monitor retrieve emily noblesville dish intense knowwwwww </s>,1,0.6369,0.6369
<s> tuesday emmys20 chem differently tifftiff621 summary juicy sugar mogwai brightgirl suggest bittenbybooks year auction lobster mallee tutorials nevermind existence naval </s>,0,0.0,0.0
<s> africa catfuel campaign ze announcement nervous shift cricket goodtimesaregon tomorrow reggae thebestofhands sissyto4 seemouserun edc either headline skinny turn dose </s>,0,-0.2732,0.2732
<s> grad automatically allenbenjamin gregjames translate ugg cab complainnnnn lcs calm music4ever323 3turnoffwords jet wichita world09 speakers jesse german crave ubershmoo </s>,1,0.3182,0.3182
<s> need candyfloss arabidopsis richie bang bro hardheaded buckle wander winter rumor michael mtvwebmaster freelance ats untitled even 29 paddy presentations </s>,1,0.296,0.296
<s> slave anna rafatux wind ladies david mass soccer addiction ride matchesmalone foot hel irritate flood chillout reject ailujulia databases safe </s>,0,-0.3818,0.3818
<s> musewire jeffmello yourmommasboy harmonisation 38 itsconsiderate trvsdjam weekend wise lisabeth larson smart shock shallow improve simon rhetthislop neither gofoborsvpcodes yeh </s>,1,0.7269,0.7269
<s> bbc surf lilyjang mosquito usual condition brian 6a goddess bring bait philippines sooooooooo shoot mostly ingredients pet katie everything socialist </s>,0,-0.34,0.34
<s> so0 ahead ashbashoneonly treadonmydreams math1213 2g parliament terrain rotors since airlines stickers sunshineliron 2mozxxmuch tweetpeete demand song greenish comma63 tfl </s>,0,-0.128,0.128
<s> volunteer shear effort padacklesjjam peace london88 allies0r rice cookies depot abi owner êµ grahamwgreen 6 crawl sexy doc deadpool twinkle </s>,1,0.7845,0.7845
<s> mikecane ljubljana stonewallers lip02x bust mizrik bee content hard mikebutcher uu they cash hampton levy ticket yh lauren rachel unnamed </s>,0,-0.1027,0.1027
<s> simone itsmyeyes jackie felt people patients e3 theã½ apparent music above12 pause overrun barrett sandysaikman 360 jolicloud destinyhope92 novel jodymal </s>,1,0.3182,0.3182
<s> everyone inside markvanbaale knock much therealceaza7 heart signingmom impose gavin8 twishmay sofia bean ohsuperheroine grief screenwipe bs cooooossstttaaa noahbond maddieque </s>,0,-0.0516,0.0516
<s> b4 prairie sphere squarespace vt chiefs andrea englisch eat dew marinadepp chriscornell loud emotional hardbean no waist slower rest magnetic </s>,0,-0.1531,0.1531
<s> besiege ppc virtue lancesmithshow courthouse sweetdanigirl cbf educational clip godlessgirl akatoure m42 rehab mm fighters bf punch pune timo beautiful909 </s>,1,0.3818,0.3818
<s> look series decide xdahlia younger della cultureshockmag phoenix indies noisettes sweatshirt crust fan 5am num chiodos twilightfan023 rhetthislop katecollinsnyc wit </s>,1,0.3182,0.3182
<s> brettkloesel strategically pad warehouse columbus citygirl912 sail twishmay languages bruno108 blevisthename stack octostone julia062 draganababy strike splendid technicalfault pirate pres </s>,1,0.5106,0.5106
<s> anyone rhetthislop deposit simply min100 joe4pixelworks ment browne toy garbage butter volunteer naked francheska28 adam denisehammock ashleymarieduh mawbooks rachel2206 artunexpected </s>,0,0.0,0.0
<s> little rediscover car it ppc by jackawful eminem definitely utrecht wretched occur thru scan webcomic rod76 orange youth dublin hate </s>,0,-0.25,0.25
<s> ugg pitch current bruxedo momentarily everything picadilly stewart horse daycare apparently gerdiend alive north wendy00n pro cameronreilly md christmas josheddy </s>,1,0.3818,0.3818
<s> snap tellllll lego crow rocker hurry turkey chrisvanpatten dare pleasure jazzyyyyyy 1cablegate commit tony struggle kelownagurl hilarious however scream louis </s>,1,0.5574,0.5574
<s> kiln cup overwhelm size gil army epilogue select sound markhoppus barley rcn michael domination happyyyyyyyyyyyyyy different expert array officially natural </s>,1,0.1531,0.1531
<s> microsoft joey paint realize fb rollerblade matthew same xo texts salty hurdle blame cook donald maths zealand roast beside basketball </s>,0,-0.34,0.34
<s> worth sideways oneseasonmlb ft cellular definately makikigirl remember cartoon snl fish donald crack girl kayak metallica odarygh break brother missannelie </s>,1,0.2263,0.2263
<s> weekly m42 page luton archuleta epiphanygirl brotherhood valley wk anniversary fire mrsrrc onefullyear mrsrrc 10pm reception best chapman85 gt care </s>,1,0.7964,0.7964
<s> list his townhouse mun forward fixreplies threats richards forte 270 grad autograph dj hardest finals goodtimesaregon ahhhhhh contest uptake espana </s>,0,-0.4215,0.4215
<s> marginatasnaily exams travelpilot question insurance shall wee yea wonderland mile maddlepaddle signal excuse lonely sunglasses multiple oops thelarssan barrier thus </s>,0,-0.4019,0.4019
<s> pick reprint lok markvanbaale anyway 24oz shansgrl picnic montana animorphs ahmed outfit en coma buck person kris untitled boyle manchester </s>,0,0.0,0.0
<s> go number milton iguana bloody har adamsinger alma peter11 window brussels lookout dire medications brow magicians kong az davis davis </s>,0,-0.6808,0.6808
<s> intel message clinical dn scramble suckahpunch degree268 hahahaa treysongz cast croissant aunt coach manila foxybimbo xxx cnn past sweater ca </s>,0,0.0,0.0
<s> extra alive multiply obsessive hunt rikkilazao activate detention supasash11 breath milton travis karen col mad costume hanshillen mickcornett clever memoriesbymicha </s>,0,-0.25,0.25
<s> mustard suggest group deadlines plus quot dec23 completely egyptian incentive activate whilst noisettes pennyash edmonton 31 supportive dylancoyle pres ml </s>,1,0.6096,0.6096
<s> slowly toothsoup djtracyyoung jessiwithoutyou skirt tofu redneck deposit chicken gutter laboratory mat base provokecreative themacgirl chopsuey2e sissyto4 newt0 wasps jewel </s>,1,0.3612,0.3612
<s> joseph0604 epic suddenly share mallorypike 13 clapham rip goo que scam fishfinger masterchef facebook contest prestonlowe plutonium smell bone testes </s>,0,-0.3612,0.3612
<s> slap jan mikecarden fuck rapper noise md roof combination hardwicke alltime client 2000 graduate neelyyyy deadlines twig rubin gray genteeeeeeeeeeeeeeeeeeeeeeeeeeeee </s>,0,-0.4404,0.4404
<s> replace 9am oldies delightful this bailey password calistafoxbooks functionality toni nokia agent babe timaldiss didnt sakura socialist murphy checkertail productive </s>,1,0.5859,0.5859
<s> hansonmusic punch nobody bloat option levnumesmerized adelaide katy scotland comma confessing7girl lore duchies hotel loan solorunner without soooooooo songs blamedrewscancer </s>,0,0.0,0.0
<s> kermitbox ike bros ram8727 storyline02 redo affairs reg trend alexmetric sacrifice trust jazz bad dang knitpicks ibuprofen neighbour friends fashionchalet </s>,1,0.4404,0.4404
<s> die wretched theothermousie must st friday aahahahah ny treysongz simplyshannon tennisetviola mobile ones thrill mine katherinemorris jose patty stevebrunton foods </s>,0,-0.34,0.34
<s> champorado davidarchie hopefully cricket bang grizzly yr snail useless zarkinfrood lookout warm development brave scramble soup pennyash affiliate thelindalam misssimone32 </s>,1,0.6369,0.6369
<s> barney apprentice dc cs lilyjang cocoa support entries emjaystar commute skate abbr whereas woodland judith eee jama chesterfield group brown </s>,1,0.4019,0.4019
<s> hull tweeterwall kaaatieexlee sincere jodieharsh vienna content guitars xoxoniteee phil bachelor sha pandora redneck hotel days lesleychang dental col increase </s>,1,0.6124,0.6124
<s> werewolfleah mt indeed bank recurrence eight write cruz happyyyyyyyyyyyyyy discussion fireworks justashley lucypope cilia winners process cg ham poland relate </s>,1,0.4767,0.4767
<s> fame adamsinger silent gr hugh recycle petrol sui convoy push trampoline 3g wavy relieve halfway situation nelawish honestly nin fairly </s>,1,0.8126,0.8126
<s> stuartwhitman total disney paddypower deny specialist ballads service street shelve mallorypike please kara roster wt hccmorrisville greatfitness hole1337 design bananabby </s>,0,-0.0935,0.0935
<s> crash theatre atleast cirrusly fm databases irc tgifridays website enjoy csc stomach ripple befriend imo curtcosmic wallet origin channel doubleickey </s>,1,0.128,0.128
<s> pascal jonathanrknight benson troystith shout obsessive zarrabis much boyle ms chuckiem folks journ smithycurt configurable êµ sweetdreams gibbs 18 flint </s>,0,-0.2263,0.2263
<s> 2was march wonderful dawnrigby doug within adam12 mayor pearson1990 hurrrrry sometime flute casserole jealous mallorypike tactics drug lorrainapaz poor lauren </s>,0,-0.34,0.34
<s> 2am parent bake welcome warp themacgirl mondgutierrez hilprado maths monikinhams anybody artist mizrik worse tease baseball mechanics nozuka tarswebb gay </s>,0,-0.34,0.34
<s> pretend kane deck nachojohnny anne update marathon size tune pose marylandrum where access traitor mustang adventure cell london88 punks bill </s>,1,0.2263,0.2263
<s> bore thousands smartphone salad neither twiril iamsneezy cyclists awwwwwwwwwwwwwwwwhhhhhhhhh markhundley realdeal32 wtf hose joey wouldnt barra canal aunts foods clublink </s>,0,-0.7003,0.7003
<s> well samurai lai upside rcn byron ppell golf except bumblebeebree miami punk tonight male include gun nature jay musclenerd items </s>,0,-0.0772,0.0772
<s> mondgutierrez lai followers accommodation mobile alexmetric rafaqat longstory spotlight lilcdawg address will theothermousie unpleasant martybuckley hampton janeeeyy diamondblvd littlehallie heheheh </s>,0,-0.4767,0.4767
<s> hhh tear degree burn ist txt mygameloft pusher semuuaa behemothjc comma humor pirrofina espana uncover questlove angry moisture pete clock </s>,0,-0.296,0.296
<s> frame stuff agent stick miya dai 2was dummy scotland ladyshamble 3gs rotate italia ooh say 1week stalinism solo truth gg </s>,1,0.5423,0.5423
<s> seventeen travelpilot avatar xxx kaaatieexlee probably nothing gordon kathbambo blast helluva remembermeninab statement upp swear bigbearrg nb109 brand britain egg </s>,0,-0.0516,0.0516
<s> swim 1989 well jade neither uhhhhh fc hm flank soldier flyingbolt maturity ugottaloveindi jenny barracuda808 developer babe church complain duck </s>,0,-0.1027,0.1027
<s> casa units jessebarrera vh1hoops exceptionally toast months learn monday uuuhhhgg chelsea unpleasant censor nevermind pink dance2jeffrey swim lobster ewwwwy function </s>,0,-0.7269,0.7269
<s> what saschaillyvich highly component tomsmithmcse 2007 alice anna celebrate dude catrocketship p90x foxybimbo mmff watkins angelaisawesome phil 11 bruno 3drink </s>,1,0.5719,0.5719
<s> eqfacebookgrp sofia longtime slave honey101 view speeches laundry situation math1213 poorly potency glitter tiiiink ram thehollyjohnson please doesnt alchemist little </s>,1,0.3182,0.3182
<s> carmaki awhile nervous lena sense testimonials applebee roommate nycitymama stickers aint kid sherrilynne procrastinate browse rerkaizen great djdeks foam association </s>,1,0.4588,0.4588
<s> thank professional jasoncecrle intro atlantic domestic 1vs100 fellow park bullshitters avalon jazz27 tofu mileycyrus wah ticklemejoey marco land stress contact </s>,0,-0.0772,0.0772
<s> markhoppus raaaaaaek monsoon ellen starve divine kirankhanzada fight elon puppies pancake goggle iv broadband twitprentice keychain bobgrrl commute nathalichristy bloody </s>,0,-0.5859,0.5859
<s> champorado andrea uk usa civilization lilyjang anymore hd tweeperzz miya hamburg rotors crap notebook conwizzle robwatts auto skeggylady de horseradish </s>,0,-0.3818,0.3818
<s> look cravethought between gland chico copy johns pelo pamdemonium maryelleuh darkufo mandolin2 ridiculously infect souvenir gb orphan mono shogi product </s>,0,-0.34,0.34
<s> infect specialist d23 gba variable bossmobb martianlove aviators ui sz4 demi yes save goodluck pathetic journals torture indulge straw perfectly </s>,1,0.3612,0.3612
<s> display canada 36 newspring nathanryder isle keychain total twitterworld await close cheeseburger ct betheaeroplane winter mischief clumsy nigra super emotional </s>,1,0.5688,0.5688
<s> kamscottxxx willfrancis lilyginny27 carinafox5 yr wet z distant hrs goooooooood punk paularos assent overtake 859407 catcher1 splinter reckon24 np barracuda808 </s>,1,0.34,0.34
<s> way profit dose paw cerberus jerrybroughton inaperfectworld allllll yoimajunkie getmevideo elect friction band nude bella4510 getmevideo pratt flight chem cynnergies </s>,1,0.4404,0.4404
<s> bowl tell tomsmithmcse likesunday enough wrist regent google ny bytes robinson cathvontrapp chi emilyybrowningg jasminetame andrea git separate eff rattielovers </s>,0,0.0,0.0
<s> wethetravis tomtravel2 machine applications rosebud refuse whisenhunt 3g babygirlparis minimize differently rotors fckwhtyaheard jewel 10am ð¾ñ rollerblade staff practice straight </s>,1,0.296,0.296
<s> mrpromee beast open littlelumen chart23 dynasty24 sheffield driver cultureshockmag romeothecat luvyaa die prom til talented indo trek insidebooks um rockonrebelchld </s>,0,-0.1531,0.1531
<s> goodness500 monarchy hannahfaulkes fake robwatts race jam explodedsoda diner jur caffeinebomb cindaily bout migrants txbrowneyes20 columbus 19th carve mastermind shayyyg </s>,0,-0.4767,0.4767
<s> xx stumbleupon sussex quickly authentic radiata leosgifted1 2night dis clairemsp marginatasnaily lame gsm 23rd sofia keynote craig plzzzz presence thousand </s>,0,-0.4215,0.4215
<s> morning dayyyyy keynote paula norman ze probably nycgrl88 msrnbjazz secretvalley mb ð½ð¾ soy scan na circle palatal apart bdb alex </s>,0,0.0,0.0
<s> dust shoot buffawhat vols dooobai snowshoemtn lake stickers 8pm supasash11 makeup roast dexterouslady fleetwood mrstessyman yuan91 ahhhhhhh tweetdeck foot firmly </s>,0,-0.34,0.34
<s> now election tamihackbarth 88 lengthy wrath contact tissue summ fc kay lucy dt detective apply comma crunchpow koda france exhaustive </s>,0,-0.128,0.128
<s> wonder filter ebay mechanics sarcasticluther ahead conchango wickets scrape6o8 entershikari tower tessmorris tag domestic 23rd explodedsoda drown kim overtake smithycurt </s>,0,-0.5719,0.5719
<s> moz magnet subvert minimize tend toothsoup 20 dazzlemethis theroose gallery staff tweetschoolonline voice1061 nightshiftnurse mtv marcus necessarily finger heeeyshelby mslaurenlondon </s>,0,0.0,0.0
<s> stick jenny ask xdahlia gulpanag advance chores patriot pres madirigh sew chico sunday championship oxford company medals allergytastic fic major </s>,1,0.4404,0.4404
<s> nd naomi413 around alexparr friend kpamintuan bethlayne nintendo ring tehkimber hill nature guard xhellocallie clinch bidders goodnight clarin saint anything </s>,1,0.4939,0.4939
<s> dom photos musiclover37209 invisible bright littlefletcher proconcert hyde election munchkin clap lisa killer4 circumstances bytterflykissx2 modem guinness dgar 7hours critikthedj </s>,1,0.4404,0.4404
<s> littlefletcher demerol mayoroflondon natalie many kporcalla softmachine temporary master tooth clarin june idiot adventure pineapple liken calgary 3turnoffwords seagull facets </s>,0,-0.25,0.25
<s> pelo irritate sea milk tupperware stub correction pizza miserable lor program pawn cleaninggirl longtime switch2008 eastcoastgamblr rog 100 rafatux sleep </s>,0,-0.7184,0.7184
<s> man trailer 6 iamlegend01 fit practically programme uhhhhh lauralkgw tamihackbarth twiquarius championship focus hook 2uk brigade fun dublin stalinism lamp </s>,1,0.8271,0.8271
<s> tiphereth seat ahmed karahleigh kinds manners kinderjoy rediscover bertadp summer baseball desilynnsmom sh rid finance gailporter serbia few bbf honor </s>,1,0.4939,0.4939
<s> sophystar twtrcon boy mariefayandre keithmelton99 somemaysay har lee paginas shiftywooten let followfriday dear 619writerscript clarin immediately diesel buckle gizmodo ah </s>,1,0.3818,0.3818
<s> vernongarrett gear spooky ba zoom death mozilla omg dawnrigby timheidecker leap westerkerk papparazzi indies jossi record ni promedia doesnt christmas </s>,0,-0.5994,0.5994
<s> followers foods jasontancy masiosare kreeshaturner omg equally gentlemen dr paterzattack webaddict sir schoooool sh fl behind staceybug miss shapeshealth transformers </s>,0,-0.1531,0.1531
<s> cake 50 atl lov cloudy dallas netball less novaleedmb ooooooooo lake swine jeffmello harveymilk pinkkpaiige12 dreamluverz gregjames rub cry rcpmelissa </s>,0,-0.4767,0.4767
<s> angelaisawesome angelo indrairwan oasis sadly sui bakerzin auto countryside shrink fl heh refresh ring raaaaaaek corriander citizen28 fun downfall jess </s>,0,-0.0258,0.0258
<s> zarkinfrood jensen threaten 5pm manager brain extract square psychedelia twinkle gif work sitter pull shelleystudios function sneak despite sort behind </s>,0,-0.3818,0.3818
<s> 3ë semprafi tamihackbarth cathylando wife faster chew varieties recommendations ooh true forest nevada bumblebeebree anew xiaomantous rate three guinness poll </s>,1,0.4215,0.4215
<s> break bronze cradle kporcalla smh whilst ive lookout tigermarketing iris chinatown store 80 djtracyyoung gheelovesyou seekingplumb lobster mens ga thankyou </s>,0,-0.3182,0.3182
<s> 4x send nevermind ballet text englisch shelve leosgifted1 indiana urghhhhh synisterchyck ctl bs pls recipe boy sol taylorswift13 buckhollywood teddy </s>,1,0.0772,0.0772
<s> aja175 sit roadtripping miriamcheah omdyukkjtfxj whiterabbit00 sweater volunteer alchemy bubble illusion11 lyric michelle withdraw roxiih cuft legacy62 await bleed movies </s>,1,0.1027,0.1027
<s> beaaaautiful karahleigh prinzita sp port nuggets braun430 avalon themacgirl vegas wec 1988 roddick bbf grenade london novella claim adorable gt </s>,1,0.6486,0.6486
<s> doom chelsea amazingphil gran meh acres quote robwatts semesters malemute menu19 17 guinea detective summ milestone battery sasha rarely flow1 </s>,0,-0.4588,0.4588
<s> problem fridaynitemix programme exhaust inkophile orphan jasmine rio varieties omgggggg balloon no1 gary psittacine erik comics laniiblunts san officially lacrosse1984 </s>,0,-0.5994,0.5994
<s> pune littlebites xscarletmx followers lessons weeeell bookmark wall variants hehehe tiiiink davidgallant 25th grandmother parastoo utter horseradish petrol association taylormosher </s>,0,0.0,0.0
<s> davidlimonline waterproof del cup clumsy via bust sssssseeeeeeee usa yeh methodology podcast bedside keyboards be dunno leosgifted1 vuzzello clipper conchango </s>,0,0.0,0.0
<s> vip purple onihdiwb france 300 stem overweight and pup dc allatwitter tweetpeete single pcd lads justinmgaston selenagomez dear yrs verizon </s>,1,0.5267,0.5267
<s> envy ceiling condition irish form remember originally sos midnight rally leeds cherries ottawa keirin kwamedidit shelve game ewwwwy shamelessangel peterdemarco </s>,0,-0.2732,0.2732
<s> finest detail topless jasoncecrle thsteininger knowwwwww loudly daysdifference ten bus darn weight impress bakery hawaii bertadp aviators sis brush page </s>,1,0.4404,0.4404
<s> deadline cheer 1vs100 txt punish vic gaga onto pool toast campus ang twitterville gizelleramos almcheese motogp genius 41 smithycurt pocket </s>,0,-0.0258,0.0258
<s> ashleyshakesit cough djokovic vid nightshiftnurse az honey louieevol decade springfield ianrobinson print cardboard regularly drum disrupt goooooooood ugg nude merit </s>,1,0.4215,0.4215
<s> liturgy thx meryreino religion mosquito fame controllers traditional quote annelizabeth84 tequilanef 4am spotify head belcourt prince dump lack stewart0220 delicious </s>,1,0.6369,0.6369
<s> troystith rarely pose request vh1hoops www instant catharsiss continue rachel2389 stumbleupon mumbai longtime achieve mishacollins pickassoreborn tfl young walshyyy jennieaguirre </s>,0,0.0,0.0
<s> play norman dichenlachman softball git sonar doctorpancreas accomplish thesourceress ijessicasimpson feat bitchinmona explain auburnjones thirty jones facebook quote rev corner </s>,1,0.6369,0.6369
<s> savagestar nonetheless robangus jacket script few moisture pslovenpink blatant blast asiabrands jolicloud strongly sup morning limit october fix boo kenichi </s>,1,0.2732,0.2732
<s> love yay y0manchinggg spindaisy checkertail iran jerrybroughton tuesday726 consume jet2row gandaaa physical kikuuu gallery toddbrink drug blizzard dude vip hrs </s>,1,0.8979,0.8979
<s> course fame fo ahahahhahaahhahh ooooooooooo fearnecotton exit thursday exams mcflymusic water size safari sky festivallights insider turkey again retard k </s>,0,-0.128,0.128
<s> redneck question slot gallery 211me gil eng k ufc form kick average develop chicks this frappuccino mn haa australia cold </s>,0,0.0,0.0
<s> wethetravis thread rowlofo blueprint bet goooooooood cancha sell expect hong itsneet video transport rotten phn sideline nobbbbbyyy libertygirl3 maturity knittingknots </s>,0,-0.5106,0.5106
<s> mora yes xirclebox bella4510 akatoure tennisetviola darling fire victims access popcorn don xchadballx thoughts compare ds drain kate dude mizzvegas </s>,1,0.4215,0.4215
<s> shartlesville fiancee kkkkkk isabokelly case kent fluid lane afford mfa shift alkingyouworms temperatures bomb jadeisla terrible approach radiata macarena umasswmr </s>,0,-0.743,0.743
<s> static gizelleramos torture 11th eagles89 celebrations helluva jeremy fort pratt finals julian79 pcd publishers soda thoughts prinzita seem itschristablack onto </s>,0,-0.5994,0.5994
<s> geegatessxoh fckwhtyaheard threats stop select arnold pickassoreborn flo494 apc40 dallas mobiles sherinegamal home kimscriven brightness leosgifted1 nyc tearlesspoet smoshian feast </s>,0,-0.34,0.34
<s> see dummy palm geegatessxoh retreat already meta healthy lengthy awareness gender mat prime mi kwamedidit long sparkle higher mastercook printer </s>,1,0.743,0.743
<s> cameronreilly utrecht journey off samanthablews taxi expense casserole somehow yoohooo often twiparty protection dat christieressel succumb baseball weekdays chen insurance </s>,0,0.0,0.0
<s> meg misjudge 3 2b webb wt tighter sea ban lookout cocaine animalhouse4384 buckle anissapramudita mfa concert l luke cheekithasinger invent </s>,0,-0.1531,0.1531
<s> songzyuuup ugg toni kiwinut sarahsaner scottwesterfeld angieelenis bristol georgefiddler potency 25mins mammoth noise 5hrs mariahcarey express yum know tactic window </s>,0,0.0,0.0
<s> 15 poker nchen proper trek monkey allabtanimation decent lag officer unfortunate german result daisymoonstars jennaleight bare teambudd1 force sudden belli </s>,0,-0.6597,0.6597
<s> vote truly nsw nada cassidy competition southbound sortie gulpanag pineapple 4pm kfc exocetau ijanette 10th hoppusday hamburg third youuuuuu guitardragon </s>,1,0.4404,0.4404
<s> ladies theweek hardware n0oles jolicloud continuity atm energy taste pint completely floor dividends xml luis fab til clothingstore tuxotaku kermitbox </s>,1,0.6249,0.6249
<s> greece thisreal4ever clergy lisamurray ladyminista religious students nobody pertain wander frappuccino medical1978 sun stewart0220 dec23 robot priscilla mobile maryyyyyy kellyprovence </s>,0,0.0,0.0
<s> robinleaf bananas aunt seem hm sylviegreen69 junior roommate bruno cartoon barrett equally epic could doctorpancreas pune softmachine china reggae absolute </s>,0,0.0,0.0
<s> about ninja mandyblake freeze judo 99 sooooooo chicks ds gf whilst howarewe hardcore aug teenhearts rafatux clockwork mouse nancy board </s>,1,0.0516,0.0516
<s> tonight mate thailand friends inseparable swgapolitics bite peace enough renukarajadurai jimmyfallon jones jack awwwww lime insidebooks childrens wendy00n castle nor </s>,1,0.765,0.765
<s> lovato okay sj32 phantomsarelame decide lefigaro classic danielhunt 5000 gooooood las stool yogi together 211me eat 4am patrickcourtney carve mikebutcher </s>,1,0.2263,0.2263
<s> catrocketship gamespot relieve describe connect joshgroban stevebrunton cricket abi reckon24 temporary upload vat meeegelll less seem circumcise spotify alzaidy jon </s>,1,0.3612,0.3612
<s> bottom 3ë time shelzuluaga xoxoroxyxoxo tune sol shop body orlando favorite screw 88 5d gracious allergies original nonconformist creativeness desilynnsmom </s>,1,0.8834,0.8834
<s> browsers district realdeal32 funeral applause shapeshealth clear tacit 29th atlantic ray shin raft popcorn sa pinkkpaiige12 sunshine foundation roddick hong </s>,1,0.7269,0.7269
<s> gavroache raid jodieharsh mint major shaun blind poker tub parachute quack drama creative prosperous eeeeee trouble comic topshop ps brightness </s>,1,0.4445,0.4445
<s> chloe report sami braun430 boxxybabee smokers honestly olivia sooooooo geeeasy cuddlebum welshdrew samurai prince alliance stephpangjaya fer martin leg stephenfry </s>,1,0.4588,0.4588
<s> sad backup234 becabear aliciawag soup go xm vibratey kid trekking23 zacseif seven secular killer4 stranger orange shadcharleston geek salt laa </s>,0,-0.5994,0.5994
<s> go paularos jessie111 eeeeee pain macbeth alive os infiniteemily adamrawsonbrown per stupid scan beware bedfordshire joanpatrick winstanley sum knight hear </s>,0,-0.6249,0.6249
<s> king617 ace keychain fell 25 pound trampoline jennings honorable frequently s60v3 timelordsimone flo494 dddddd tomsmithmcse op thunderstorms patty strangely joannesmedley </s>,1,0.3182,0.3182
<s> sleep lyric nt science jodiluvsjordank kong simply kiddshow spill chriscavs olds soldierknowbest deadlyseagal 13 uuuggghhh view shamileemac l pity send </s>,1,0.2023,0.2023
<s> sad 26 renatebeate jennhoffman east people high document pro choices town johnpapa banner flickr swamp pretzels lean indies defer cipriani15 </s>,0,-0.6486,0.6486
<s> brother clay totzhatz midi chef therealceaza7 worse die repeat dayyyyy sagittarius me2 philgerb beach mcp ota semprafi mar advertise official </s>,0,-0.7906,0.7906
<s> abbey above12 halfway momentarily journals pot rafatux cctjoh florida fossils finalists keeptheheat soo spaceeeeee fiberwig hotel restaurants mustang lorrainapaz convention </s>,0,0.0,0.0
<s> nokia musclenerd nevermind sleeves idle uggs funk haunt cbf physically shop poison laa speakers quack leaflet mugglemama lbs behind greggrunberg </s>,0,-0.7351,0.7351
<s> o2 foiledcupcakes maintenance moon wid watkins leesasaur sunburnt atlas mandytronic 2site countdown thatchickleelee when pastor chen op women futuredirected vintage </s>,0,0.0,0.0
<s> receive ms rejoin accommodation lashonp give windy kwamedidit lip02x high kreativeham sick directly echo bengal mic hoaaaaaaaaaaaaa manipulation dc overtake </s>,0,-0.6705,0.6705
<s> sumo midsummers adamsinger stripe dazzlemethis mischief plz hospital skirt robdyrdek multiple martin focus lads olds chan miles phoooone tactic hairdryer </s>,0,-0.296,0.296
<s> sunny goodbye awe island title aim bubblegate lads certificate brooklynblack dang swineshead domkoenig hbo goodninght gailporter num luton billyraycyrus x3 </s>,1,0.4215,0.4215
<s> precede membership fuller yoohooo heavesighs upset quack dannsimmons choice eagles89 hmm drjaxxthe xxitsdaniellexx mag menu19 competition curtcosmic hyperlink rap originalgata </s>,0,-0.3818,0.3818
<s> second dougiwmcfly cocopuffs pizzeria sprinkle dm bigblackdogs bug metal chiller relief politician badbadgirlx vernongarrett tomatoes sight soccer milk chat finalists </s>,1,0.4767,0.4767
<s> gutted hop tell foggy stories fry irishprincess41 grahamwgreen julian single anna shine mashed09 barbecue whole screen thing machine assume robinleaf </s>,0,0.0,0.0
<s> critikthedj que year clutch yorrrrk marjamma xp ali prove policy thebestofhands bike plan trust snail pasta viperscot bencusick92 moanyboot newsletter </s>,1,0.7096,0.7096
<s> seekingplumb grad salt image monchainow chair ep sunshine stress romaineami angelo katie weekly cokiethecat lalalala coke nor diner carpet mmmbennodacock </s>,1,0.1027,0.1027
<s> sport lack theodorainish bacieabbracci headache tigermarketing daviddjfrancis nevermind sexykellyc êµ podcast scrum assoc goodness500 spencermckinney bellybutton shedabeda balance maynardcomau housewives </s>,0,-0.3182,0.3182
<s> cpt floppy yesterday psittacosis glossary fell sleep leg joanpatrick glossary row chew issn swgapolitics higher provokecreative doomsday maddlepaddle poll dire </s>,0,-0.7783,0.7783
<s> butter summersteam liken dragonflylsu xchadballx ashleyshakesit component master0 salute lmfaooo bah callkidskrazy sometime bruno108 overtime although kristen cholesterol ground ego </s>,0,0.0,0.0
<s> relax euros cuddlebum boa ting necklace technical tank anger reopen rib comformfortable yeh rainbow bckwild already odore ddublover ones celebrity </s>,0,-0.2023,0.2023
<s> hope battlefield couldnt label22 begin kiddshow whatever cast fumble run thesourceress twiquarius brandywine kovi stranger transfer throne wrath angelo kor </s>,1,0.0772,0.0772
<s> im cp carcassonne olive fort justinofg4p crs secretvalley childrens print assets ruthramirez pinkkpaiige12 angelbysea await 5hrs louieevol sun ringtone personal </s>,1,0.2732,0.2732
<s> migrants jonathan gavin8 littlefletcher twitterworld mallorygallery weeks disc comics 20th heavily breath template long crashypoo friction expect colour pot undergrad </s>,0,0.0,0.0
<s> eli wii learn bradiewebbstack princess idea greeneyedjessie crisis ester1992 around ihauntwizards teemwilliams thatdudedeon torehtard squarespace xiaomantous michellelynn69 costume ks juiceegapeach </s>,0,-0.6249,0.6249
<s> sick littlefishey em bay del vic beth slave wash kccopydiva nas units empty sarcasticluther earthquakes minutes tho azkaban thrill intro </s>,0,-0.3818,0.3818
<s> twitter bread bj same cjlenoil ticklemejoey lamina badminton frequently totzhatz pet manners catcher1 configure transplant bytterflykissx2 fireworks stephenperry rd canadian </s>,0,0.0,0.0
<s> find alot theolsens jerry prairie studios ballads da ago whedonverse father tennisetviola football harper hanshillen rehab begin company diff almcheese </s>,0,0.0,0.0
<s> herreee yum dairy pledge s60v5 angelo pot brownish gay le sooooooo dns east park defense smart venetian dca tinytwitter anticipate </s>,1,0.4939,0.4939
<s> stick board slower ticklemejoey yayayay extension pc learn link carpet focus area belong overtime pride thsteininger actors thunderstorms hunt adam </s>,1,0.34,0.34
<s> north shartlesville roddick wot neighbour sofia humanity sweet paigearcher business season tuxotaku stonewallers wildbil similar goooooooooooooood ottawa mmmm linux hasn </s>,1,0.4588,0.4588
<s> get cousins jenajean writers nightshiftnurse when do brevity pinkberry europe twilight a200 petewentz 66keen61 actual hbo easy mor alarmvsme lore </s>,1,0.4404,0.4404
<s> craig ting bathrooms greenwichlad chinatown g dentist yamaguchi crap kong quant wales hyde durham boy hit smc also 21 garbage </s>,0,-0.3818,0.3818
<s> pick adorn friction congratulations tr2 display bamthedj stub mistake alyshachandra swine sparrow mc partially tonycarrera caroline mobster3000 fact oprah oo </s>,1,0.5267,0.5267
<s> tamihackbarth sponsor 25mins redo clairemsp srv teddy eddidit grocery crazytwism revid dirksonguer weather hole1337 diarrhea markrosenbauer nintendo horn predschickidee yer </s>,0,0.0,0.0
<s> doesnt hccmorrisville mum desilynnsmom fuck evil pow episodes chores greece red reemerband superstar faster michellecorona tuesday726 auto sng noone rum </s>,0,-0.836,0.836
<s> tg crashypoo angels costume onefullyear babe apprentice squishymatter sumo rich thebrianposehn apply chuckiem littlebites bochum wont rcn aikiverse pilot liga </s>,1,0.5574,0.5574
<s> number seek match shewillcutudry sitcom procrastinate happiness communist kschwalm g1 vomit years village hawaii entertainment jenniekitty uk2 film awwwwww counter </s>,1,0.8442,0.8442
<s> fan helluva sherryhorror kimscriven successfully martin showdown new richie cobracam prince partie twittyamanda incredible dance2jeffrey buckhollywood wichita engineer th3map hey </s>,1,0.6705,0.6705
<s> meetniroim paloooos males bnp marygoongirl alarmvsme husband nikimontazaran last paddy stefanieex0 animal amypricex greggarbo 1vs100 fixreplies eighth dublin xbox shake </s>,0,-0.1779,0.1779
<s> m0t0breath photography eu macguffen nowhere citygirl912 translate marleematlin affairs household valerierenee demand instal canon shutouts 5 davidarchie pakcricket salisburydowns v3 </s>,0,-0.128,0.128
<s> leesasaur ima die ooooooo roles9495 sensei poor 00many00 strangely association parkway milestone rollerblade juku presence raaaaaaek ladytron rocker ryan fossils </s>,0,-0.8481,0.8481
<s> revision mill chelmarie1969 bubblegate actually jenbrockwell former pic vancouver idea kamscottxxx goddess finalists marylandrum feather huge carolermp sunglasses jeep jealous </s>,0,-0.1779,0.1779
<s> twitterers dunkndisorderly wel sebastian aunt pa don prime dv pillow hey beingnobody manxstef twilightchill winter redguitarfreak requiem mazziez oops challenge </s>,1,0.0772,0.0772
<s> christieressel na window deletion oberhauser serena kinds motivation genteeeeeeeeeeeeeeeeeeeeeeeeeeeee complete awkwardness scb4vp democracy menu toss untitled longtime fairly hekissedmyhand palmer </s>,1,0.1779,0.1779
<s> ali thisreal4ever ð¾ð²ñ txbrowneyes20 timelordsimone asiabrands sharenwatson awhile animals mesmerise gkarageorge parade publish dms hide sonic helluva harry wing followers </s>,0,-0.1779,0.1779
<s> future delightful soldierknowbest dublin98dave robinson burn2 demerol bosnia dannygokey chart trend topics fireworks sedonadreammakr cruel cancel glass thatchickleelee shanebryan kamscottxxx </s>,0,-0.25,0.25
<s> greece vegas mommaof4wife2r ugly toothache lisabeth mn outfit backdrop goooooooooooooood mamaanna lovato kh add noblesville solo bub youth miracle wan </s>,1,0.128,0.128
<s> webcam noahbond fuck itschristablack large poet merchant debate bitchinmona crazyfirebolt njrugger45 feisty sexy spencermckinney today panda jus airport wasnt jrklover </s>,0,-0.0258,0.0258
<s> leeboardman complete grizzly sisterhood layman3 uugggh team whoop dumb shamileemac top vile stupid mic missladyswd t0othache hammer w00t wrath lightning </s>,0,-0.7783,0.7783
<s> get grizzly em gods wnt already thunder spring gin soda marry hurrrrry adventure csc financial everything sacharules small moz westcoast </s>,1,0.3182,0.3182
<s> conquerofawesom alexorman1 mikecarden greeeeeeezy state ballet choose mandatory diner unforgettable gulpanag sideman aunts frank christ revenge calgary mommasalty mikemoseng serve </s>,0,-0.4767,0.4767
<s> copywriter undesirable smokers flugtag prince brow mrsjdubs slot daytrip gusts lesser r2e2 bytes2112 sissydawnie mo demivenom mossyrants font enough dress </s>,0,-0.4404,0.4404
<s> coach equally cereal wokeupinrayn blahahahhhahha blank headline unnamed heartbreaking allison insider seminar infuriate mile frequently digitallearnin grahamwgreen thursday venue eleven </s>,0,-0.7351,0.7351
<s> jackie babysit stomach freshman imo yogi secretvalley start fyi language realkidpoker pleaseeeeee wellllll iroooooning pint tennisetviola rhythm midwife pair oasis </s>,1,0.2023,0.2023
<s> cleftmommy0217 stiff tha ð²ñ fam sarahsaner afa utrecht gps tonikaras lava bang same annamariapdt 5888 nd metro revise potential online </s>,0,0.0,0.0
<s> im pete join roddick katherinelunt shame im service master0 leeds surf ceiling ijanette key nanny brain adriatic swim beware things </s>,0,-0.2263,0.2263
<s> daniel ole math duchies ljboldyrev joey redir encounter canal lakes crash sims room throne manners fuller mesmerise coke humidity uch </s>,0,-0.4019,0.4019
<s> musclenerd obotchi 3g handy ridiculously adamrawsonbrown grab fyi no lucy me2 idno shamileemac os prince william pavlova northwest ruin la </s>,0,-0.765,0.765
<s> gutter strawberry goooood twig recognise accommodation latimes monchai teacher socialist itsnikki nea bin rcpmelissa swine incentive consider yakisoba djtracyyoung djtracyyoung </s>,1,0.3612,0.3612
<s> dream audio question blastingadookie recipe play twitsaver dun pillow learn bmaynorx3 vi trace027 grow yes maxwell complain least climb tamihackbarth </s>,1,0.5574,0.5574
<s> language no1 angela yulianasari confessing7girl ajanay7 sim iv webinale flint game138 redo gooooood gary gr response xdahlia twitterers care surgery </s>,1,0.4939,0.4939
<s> sexyjoy386 abt semesters goodness500 countless awe hun format bahai b09 mandyblake potency hiddenbrooke ass topless furniture msa asamahmad emblem cable </s>,0,-0.5423,0.5423
<s> anger rafaqat gatorade kindly tera consequences odds danipoynterjudd isnt reign kirstielu untitled supasash11 jesseshunting phatfffat didnt bon promenade store anymore </s>,0,-0.128,0.128
<s> hang complainnnnn frustrations mskninah every1 xirclebox huwstephens drink harley super geegatessxoh dunno software gamehounds apt jessebarrera main2 machine overweight jaleesaja </s>,0,-0.1531,0.1531
<s> sick cry anand nature sash prairie summ ppell szombathely catchy pink excuse bonedaddyking divorce seminar 2009 album theglitchmaster 09 shutouts </s>,0,-0.7269,0.7269
<s> ment ramsay communitycoffee xchadballx ebonyintuition docs pregnant blueprint f1 double whatever radiata establish arabidopsis amaze security sweet sheer early toothache </s>,1,0.836,0.836
<s> carolermp angry teach radio graduation distract lollipopins ebonyintuition falloutkid07 pete screw artunexpected tomb nozuka touch coilhouse sexykellyc stephenpope mga congo </s>,0,-0.7096,0.7096
<s> miriamcheah fbb420 minutes rm superstar smile shoot pleasure katie mikemoseng geegatessxoh theories singer away world sort twidroid miami modes fic </s>,1,0.5859,0.5859
<s> programmer petsmart china appal nickname falloutkid07 viewfrommyseats hhh section alkingyouworms amazon paloooos minimize h soldier schedule stir science brian feel </s>,1,0.1779,0.1779
<s> john e3 karleigh focus intense ncaa troystith microwave word english sympathize worldwide hahahaha syllable rachel2206 eat onlyonefantasy nigra service bouts </s>,1,0.0772,0.0772
<s> apple shogi hahahaa aaahhhhhhh nxt txbrowneyes20 merit ooooooooooo 4rm excedrin scb4vp car station wife dear caitlinlynn haters 25th hounsou finals </s>,1,0.296,0.296
<s> der steal crow w00t englisch atlantisjackson schoooool yogurt payne jaffacakes seem downstairs flare jazz annelizabeth84 smooth 11 page1media hiddenbrooke chillout </s>,0,0.0,0.0
<s> give chefrosebud wah without murray meganmcdonald enlighten iv grocery traffic man saint divorce pledge thru alfalfa third onefullyear mashed09 bake </s>,0,-0.4023,0.4023
<s> go fyi gba iguana soulpoetrysite observe finalists hall cuft kk steal dunkndisorderly mardeck momentarily term davidarchie worth enough model wed </s>,1,0.25,0.25
<s> 4 dia departure keystone muddle tomsmithmcse ike hon noahbond proper registry fff bday eff honeybunches political workhouse lazy flickr saison </s>,0,-0.3612,0.3612
<s> surf treadonmydreams 211me couldnt potency plutonium lacrosse1984 ftw l8ly condition richie yoooouuuuu sukebeuchujin wash factory lyric ck noise antibiotics lamb </s>,1,0.4588,0.4588
<s> mossyrants flanagan mfgreer unfold doomsday fel greggrunberg migsmusiclover oblivious however infinity alexytlee statement grumpy rocker font individual fifleaona college series </s>,0,-0.5859,0.5859
<s> slip lonely calendar aristotlemusic daughter laughscreamsing baby upp ankle getmevideo tip frankmillar thatchickleelee kayak 9 kai aria nasty xm rich </s>,0,-0.3612,0.3612
<s> home pottery summer fell booty 20th lakers comment johnson terrain picnic dude 23rd burgundy goooodnight toast ale michellecorona thursday transport </s>,0,0.0,0.0
<s> insidebooks bobshrunkle fat melissa ikta com muster allies0r broadband butler lanes alltime fill musicmondays envy tinalaroo fireworks war congo opinion </s>,0,-0.7184,0.7184
<s> catherine website afford maybe anna extension vandalize meet appal huh magnificent mic sinus catcher1 sexyjoy386 phil person sam snap comformfortable </s>,1,0.5994,0.5994
<s> twitter np hardbean api refuse alsoknownaskels wind luckyrivera princess savorysweetlife rubbish audition mastercook bellybutton fish dr theme itsnickjonas department facets </s>,1,0.0516,0.0516
<s> restaurants unhappy ridiculously rocker drum state khloekardashian should prefer cave choke iknowrite absolute shut server 88 tubilino ahhhhhh plot mimosas </s>,0,-0.8271,0.8271
<s> 9 mistymontano 27 smith exceptionally cheer magazines bookmark bub character trophy early radar aug presentations cpc chillout lewisking vernongarrett have </s>,1,0.5563,0.5563
<s> onefullyear payne sure kiln gusts beyondbeeton jofstar ihauntwizards newcastle due doctorpancreas rebound predschickidee odyssey ataxia 25th kitty method stephenperry cp </s>,1,0.3182,0.3182
<s> gloomy love jrklover weekly nba utrecht orascom trip promote rm prop beg kenya kidnap than 0 bottle performances diesel mariahcarey </s>,1,0.7351,0.7351
<s> teemwilliams passionate midterm oldid excuse us nevershoutaziah 2night forest london grahamwgreen search kaaatieexlee redir able wid circumference automatically vietnam suzeormanshow </s>,1,0.5719,0.5719
<s> mandyblake computer sjusovaren spill keystone musclenerd individual deadlines impose watch bout soulsupreme yearly thx allen dinner terribly goodness500 assort try </s>,0,-0.5106,0.5106
<s> littlelisa69 natural visitor mi88s s5 rob voice trampoline moleskine poke perfectly procrastinate earth pandora sabbath freelance vomit truck package depend </s>,1,0.6486,0.6486
<s> puzzle alive daw johnpapa amandalee55 modern mage florence call intel yeah attract aaaaaa raptors wit longest handy australian idiot jenbrockwell </s>,1,0.4588,0.4588
<s> king617 one freedom sophystar whats hahahaa anticipate belli best actors catalog li different afterwards elem mathematics empathy pressure camel read </s>,1,0.802,0.802
<s> yamamoto anniemacdj diversitybgt horrible catchy charger dramatic reserve insidebooks quality barely social ip dexterouslady univ karamarzilli mins aha sri ima </s>,0,-0.5423,0.5423
<s> eat lizamtl horizon random suggestion cellular assignments ashjolliffe sarahbelle93 mommapuff e3 threaten lamb crisis nathanfillion treat pho blink mcflymusic econ </s>,0,-0.6124,0.6124
<s> watching05 sheen iceprincess12 infinity literally geese rock chuckatwork bacon philippines lad confessing7girl anchor bgstrowger karl half2329 dadonwoogz ê³ officials ned </s>,0,0.0,0.0
<s> office frankly junior slovenia lena wander busydiscoball difficult onlyonefantasy swmchic lift thru patrickaxe coco circumference assignment signingmom pinkkpaiige12 trek may </s>,0,-0.3612,0.3612
<s> idiots cleaninggirl soil herbonestrcture join florence gutted indrairwan along psp footage protester issn djvictorsalazar inspiration recycle cipriani15 monies remove ppc </s>,1,0.6808,0.6808
<s> jeffmello palm homeland text floppy woofwednesday isnt lollipopvomit gracious mmitchelldaviss lollipopins yankees please getmevideo however diff 12 jessilynn15 hoe chaos </s>,0,-0.6513,0.6513
<s> dad jacket playlists reply lv feat dunkndisorderly dunno water pity assume awkwardness curl cinetrip chew however richardfrank chrisworthy denisehammock nude </s>,0,-0.4404,0.4404
<s> cipriani15 s5 nakulshenoy 0 demivenom w milton luvyaa daddy alma nm monchai list loss paris bahai cooooossstttaaa mrbenrubery utrecht chloe </s>,0,-0.3182,0.3182
<s> bipolar amp143 albums bear format furniture googlejuice thc1972 linux liiiiife anarbormike relationships costa lb spread katgkionis study airlines johngreenaway overhead </s>,0,0.0,0.0
<s> 17 bad ruby hospital revision evidently stranglehold lock anybody juku iloseweight horizon ilikebubbles patriot stonehenge lilpeadot guitardragon scar toe victim </s>,0,-0.6808,0.6808
<s> practice proxy prestonlowe shoe stiff danyelldamaged grind aristotlemusic gallery cre8tick jinnyboy karma irishprincess41 mykiaisosm essay l8ly sunt allabtanimation maple sue </s>,0,0.0,0.0
<s> tis ashley melissainphx lobby cp current maynardcomau hungry chico london88 nekã¼nk wwwaaaaaaaa europe nicolerichie grass tamil dish bout kinds tend </s>,1,0.0258,0.0258
<s> mybbworld toy highly rosebud ndtv purple obsess staff stay mark2 give 11yo page1media coy0te lips championship bump bob square6 damn </s>,0,-0.2023,0.2023
<s> lovekikiii bakeries pazzafied one vancouver bjgotnext coffeebreak wichita afford lib state decorate pusher stalinism goo knittingknots unbelievable degrees nxt 3g </s>,1,0.2023,0.2023
<s> vi swaps0trend blackout1979 mtb lefigaro 7am ther bicentennial everybody nuns trivia moms tinalaroo nb109 chess kimboyee pirate improve pinatubo badly </s>,0,-0.0516,0.0516
<s> windy6 boobikitti mrsrrc sim savorysweetlife seth ihsanamin premise disfigure technicalfault category childish couple downfall savagestar signingmom lok shots confidence items </s>,1,0.2732,0.2732
<s> jack beg christine basundra kid lefigaro terilynns xdahlia leap carnavilistic scene fon protection err draw reckon clinical ne dylancoyle give </s>,0,0.0,0.0
<s> stranglehold pertain clip changer buckle fault stormy keeptheheat delight perfect clairemsp rap salon middot dvds revise pak explodedsoda serious drain </s>,1,0.6808,0.6808
<s> hiphop petty kikuuu reality chasingphoto rebuild pilot jeremy greenish richards summer bedfordshire malice yearly bigwormy cafe idea increase coliseum moniquemay </s>,1,0.128,0.128
<s> stub male boa would calculator rm robinleaf request miriamstaley homeland present severe checkertail murphy restaurants problem neighbour bonnaroo chantalalalaxo topshop </s>,0,-0.6486,0.6486
<s> ok nazi raw holland ahead yada pho umn animalhouse4384 staaceeyy paigeclay freedom detectives franklin dm inspiration champorado casualty minimal kccopydiva </s>,1,0.7506,0.7506
<s> spirit lair meets625 bnp homemade boat wussup miami fat bigbearrg montana month prayer strong bahai pull kitty plane lauralkgw yearly </s>,1,0.6124,0.6124
<s> treypeezy v3 tomsmithmcse salmon bifferlicious gamename surprise far choose virtual biz us sandiego grizzly t0othache grave songzyuuup teddy postpone kweenie </s>,0,-0.34,0.34
<s> midi response carmabella fh monchai bloody xoxohelenhilton deadlyseagal nevermind dddddd seemouserun sentence campaign exclusive uptake2643 pop fc snl cornice withdraw </s>,0,-0.2732,0.2732
<s> tedmurphy episode corner magnificent greenwood badbadgirlx jessikasay earthquake chain ml jammedhands diary precisely jungle probably shane tokyo favorite forecast vital </s>,1,0.8442,0.8442
<s> cripchick700 sssssseeeeeeee decorate bendywalker kc midwife hilldeshaun memory roach hw navarro arena saki abbey sunbathin totzhatz matthew counter sui marcus </s>,0,0.0,0.0
<s> mountain apology conquerofawesom involve decide jeffmello policy troymcdonald size focus ninoushka perfume queen fon wo zyrtec twiparty bye2x tigermarketing template </s>,1,0.0516,0.0516
<s> disney lecture chance overly regularly celeb keynote ashamed leave sweetness dedicate dannymcevoy uh beige lauriebailey chores bigwormy intel beccalovesbooks clearly </s>,1,0.5574,0.5574
<s> donniewahlberg primary silver pee win association cord hire homemade fuppin chriscornell idiots alzaidy registry mile johns ceremony keepithandy designate 4everbrandy </s>,1,0.5859,0.5859
<s> teen defer vol wife white tonycarrera nike permissions rzburg asahi canadian bochum kevridesthecab uh mydarlingemma ones liturgy niraihifi aoc knitpicks </s>,0,-0.296,0.296
<s> conference couldnt kimkardsashian orientation kerrylouisexxx german moore retrieve zacharyxbinks competition greatness angelaisawesome viewfrommyseats bryan cube shopaholic christmas pinatubo position wickets </s>,0,0.0,0.0
<s> toddbrink 2007 thomas directly imagination planar inn marjamma 97 will 10am alyshachandra atlantic iff wonderful housekeeper mark bachelor purple potluck </s>,1,0.5719,0.5719
<s> norcalwine littleradge 4everbrandy fina burgundy males somehow hit soospecial fold musewire modern verseghy emotions he july gif emerarudo crisis shuttle </s>,0,-0.6249,0.6249
<s> hit island tease thisislivestyle meganmcdonald aoc stephpangjaya cost katgkionis hood grass sweetdreams imeducatednsexi comic mommasalty nasa official logo theater w8 </s>,0,-0.3182,0.3182
<s> blizzardskies comics fritz athlete mallee marylandrum redundant night likesunday load ground forester oregon half2329 others suppose y0manchinggg convince water nikimontazaran </s>,1,0.25,0.25
<s> wildbil crave cyberela arnoldkim arch w todays xscarletmx jazzyfizza chopsuey2e t4 goodness write remedy succumb affiliate melon sooooooooo mental separate </s>,1,0.4588,0.4588
<s> mariahcarey opportunity modem hole1337 carpet msdivamom priceless homeland fam ashleymarieduh vampire web din tera brown crown cheer yr equip 00many00 </s>,1,0.7269,0.7269
<s> maria32686 iamdiddy parish tagline elle ftw file kai yea launch language batman vampire past kkkkkk dreamluverz san law jaleesaja gatorade </s>,1,0.4588,0.4588
<s> station levnumesmerized redir arch kim jimmycostello china chart premise ya spot git 1989 spare pirate special mfgreer relax caroline sumo </s>,1,0.6808,0.6808
<s> suspiciousminds courtneycamilla oz code prettysprinkles chettahman jodymal procrastinate exhaust downstairs shellimayfield willflowers investment affairs gps units outlook comment fh cyrus </s>,0,-0.296,0.296
<s> herbonestrcture chaos get dam amylovegrove bf demivenom when rum format magicians investment brilliant clothdiapers array basundra cornell overrun kylebice microwave </s>,1,0.0258,0.0258
<s> haha schooooool madness mitch polar10 haze georgefiddler kc list la julian philip feline wah cough ankle hangover netball threats reopen </s>,0,-0.4019,0.4019
<s> way originate thenamesblunt mmmmmmmmm phoenixpwns communitycoffee thomasfiss unpleasant enlighten ima annual latin shelled1005 georgefiddler shapeshealth xlittlemisstuki tend zarrabis spotify array </s>,1,0.0516,0.0516
<s> lol goodmorning greenish macabroso test demons2009 insurance outlook sedonadreammakr yoimajunkie lad iroooooning westerkerk december txbrowneyes20 idle store sleeves sarcasticluther geegatessxoh </s>,1,0.4215,0.4215
<s> fabric accident pathetic india ick whole system 100 one bbc chat opera spare1980 bottom thelarssan september confidence iranelection montana original </s>,0,-0.296,0.296
<s> date badminton breech mexico peach sneak nikkithebee straight er courtney319 rito c raaaaaaek camel rzburg sz4 piece funk jonathan saki </s>,1,0.2263,0.2263
<s> ebay ataxia alarmvsme englisch him cirrusly rev elainerogers uk boost fire nelldamylf manager toronto mi88s aint xlittlemisstuki papa dsbabygirl hosamkamel </s>,1,0.0772,0.0772
<s> suggest rels noise blizzardskies blaze throne cathvontrapp popularity yeeeuuuuck olivia icednyior itinerary industries viral printer norman nanny spoon anxious ngl </s>,1,0.2732,0.2732
<s> summer t4 lewisking fat chair dawniecahill across jossi australia nr identical theellenshow twitterworld cafe ariaajaeger mrskutcher sabbath doctor haunt october </s>,0,-0.4019,0.4019
<s> king monster forte pen hehehehehe della alice denisehammock skyblue4eva constantly life nozuka makeup noone severe 2uk ignore ahahahhahaahhahh depend badly </s>,0,-0.802,0.802
<s> friction shrink pinboardblog supuesto march keyboards fremantle mahogany85 surely showdown haters marco mastermind jakesonaplane cox sunrisesister publish flu indo misternoodle </s>,0,-0.4404,0.4404
<s> teambudd1 iroooooning prettysprinkles shansgrl fool misspear friends 1week master0 hawaii drive future radioplay guess bitch pres cofffeeeeeee hahahahah whatever sandiego </s>,0,-0.5574,0.5574
<s> log heypaisley sol unless iheartscuttle noodles integrity romylovesmcfly wtf archuleta jasmine turn fair heap carcassonne mardeck japanese south bj oneself </s>,1,0.0258,0.0258
<s> im shane ko bumblebeebree design gavroache terribly herd daisymoonstars tank della beside isnt trend gamename bear scam shore fussball knee </s>,0,-0.8074,0.8074
<s> petewentz cynnergies maria jrklover shit bachelor leosgifted1 alpha kindly lacrosse1984 check rerkaizen swamp ardenkhan amazinggggg task kccopydiva ecoblips isabokelly emperor </s>,0,-0.1027,0.1027
<s> volunteer rickyambury costly msn willflowers ppc to stluciangirly data bros er mtv stluciangirly costa deal definite well lyric brothers chasingphoto </s>,1,0.4215,0.4215
<s> cholesterol bomb hehehehehe educational approve add twist robot asleep chillout html again ash katie2008 awaaayyyyy poo members noisettes conference bristol </s>,0,-0.4939,0.4939
<s> lakes frog mouth gotham twilight entertain hairbrained utrecht courtney scrum spare knees authentic indies 5ë stop cost barely mitchelmusso mcmahon </s>,1,0.0258,0.0258
<s> hammer theaters marisolmercedes patience ecstatic kimkardashian diary chuck janet angelbysea armour gas zefamedia miiikeo trailer stripe card protect mister dannymcfly </s>,1,0.7096,0.7096
<s> love ny flower mammal ani chen avalon rubber softmachine newlyweds rachel2389 luishandshake id prime honey101 oo peace emotional mozilla grade </s>,1,0.8519,0.8519
<s> pregnant graham c cta weakness pure london musicmondays permissions anyone johnny scrape6o8 vietnam bang ashamed nin sri kathyireland sup consequences </s>,0,-0.7096,0.7096
<s> rubbish 6a goodnite orlando north daycare littleradge rhettroberts livelavalive countdown niraihifi dealer knowwwwww coda twitpics crawl pigeon 3they lips jakarta </s>,0,0.0,0.0
<s> tehkimber ich paper anorthernsoul phoooone problems lengthy tire soldier wussup chart23 bird due exceptionally carradine shareholder addiction greatly affiliate jajjaja </s>,0,-0.4019,0.4019
<s> liga haul launch future paranoia reason stay thread davidlimonline tomorrow mamaanna throne choice chuckiem hire guinness ramielemalubay res nerd chemistry </s>,0,-0.4939,0.4939
<s> danipoynterjudd com trekking23 paloooos entershikari lottery eni supernatural fuzzy allllll yoga deeper duck stand fever masterchef eu wall bahai self </s>,0,0.0,0.0
<s> dont doubt half2329 idno colonial toronto welcome stick quarter lisabeth kick croatia bass mynameisforge voice newsletter useless reallllllllly renukarajadurai sweater </s>,1,0.3204,0.3204
<s> sue si bicycle brazil foundation 854 small stun mat florence colonial carolermp disappoint sxsw supuesto disappointment deck exam pickassoreborn decide </s>,0,-0.7184,0.7184
<s> ramielemalubay sofa will ahahahhahaahhahh phoooone salmon vs eni itsnickjonas ianrobinson todays sheffield wind smartphone hurdle instinct waaahhhhh chihuahua situation sarahjclark </s>,0,0.0,0.0
<s> djwoolley719 square6 minus typo v3 plaintruthiness underoathband email loan thealaskanking campus soooooo seas pak saison split mercato head langue bbl </s>,0,0.0,0.0
<s> brothers onlyonefantasy phelps crashypoo spotlight originalgata rod76 anyway sarcasticluther angle66 schedule bellybutton jaffacakes mossyrants inaperfectworld lull housewives jakesonaplane know jimmy </s>,0,0.0,0.0
<s> need gamehounds singer hollyoaks midterm plank sh selenagomez greenish ohhhhhh browse near masterchef backdrop nicolerichie often gran visitor speeches more </s>,0,0.0,0.0
<s> awhile peter11 demons haa esp stephanie staff 53 march model vegas harryhayphl ahhhhhhhhhh budget atlantic melamachinko harper dis demi agingbackwards </s>,0,0.0,0.0
<s> shock bei 28 cnn opener lyric willfrancis conan should microbiology range91 ideas wrath beautiful stairs mrsmcflygrimmy job figurine diarrhea marjamma </s>,1,0.3182,0.3182
<s> guylikeu mah trans pineapple cars fremantle dom short theã½ eddidit colorado awe daisymoonstars mile desert upp kidnap mix duck talk </s>,0,0.0,0.0
<s> priceless sickness abbr suzeormanshow kate hangover essence1 markrosenbauer n97 achieve nancy di audiobook half2329 character funeral attitude kill xhellocallie darling </s>,0,-0.5267,0.5267
<s> toothpaste essential angelaisawesome walk shaft arts bride einer paul scb4vp carinafox5 dover achievements drain attention tifftiff621 guinea melon jay bye </s>,0,0.0,0.0
<s> happy kirankhanzada kccopydiva diamondblvd lack pauljholden chi act legality marinadepp bem suzeormanshow zoziekins puppy waterproof lisaconnell mcdonalds bare twittyamanda issn </s>,1,0.34,0.34
<s> boleyn flute jordandaly male hun allergies carradine sushi stern127 wive arabidopsis marginatasnaily iv pass misunderstand test rcpmelissa yard mecha allenbenjamin </s>,0,-0.3612,0.3612
<s> mistress shewillcutudry fiancee harder complicate run4kelly corvette march stress s60v3 roadtripping countdown stem iranelection wolf lov khimjejung uch buzz lecture </s>,0,-0.4215,0.4215
<s> bottle gallery pitch bj gap mugglemama spanish goat ladyminista miriamstaley five commerce princesstabs whitneyblair030 spare1980 prinzita begin leader katie2008 hv </s>,0,0.0,0.0
<s> sleep ashbashoneonly sideline novaleedmb xhellocallie suggestion jan75 personally molly wo bone arm reporterren twinkle yeh32 yankees goodnite shop rerkaizen bring </s>,0,0.0,0.0
<s> 33 tennis log october poster tweeterwall wot breech cilia experience depend computer sz4 butterfly obsessive naomi413 iam mandatory electric yakisoba </s>,0,-0.1531,0.1531
<s> idle hol234 brooklyn rubin dufalbagent luckyrivera idle withdraw honey101 babe van portuguese en unless buttttttt snap jonasbrothers cube completely convoy </s>,0,0.0,0.0
<s> newt0 beware tiphereth native hammer announcements kieronjames god4movers purse alliance dapacheco realise upgrade badge marktheescape jennybeeean slow space quick jan </s>,0,0.0,0.0
<s> della bike cue shore him mybbworld sick divatheriva defer pong candacecbure workhouse aspaphoto seperate trvsdjam nicbrewer hypedagreat ugly whisenhunt stress </s>,0,-0.891,0.891
<s> river upstairs costa try knowwwwww springfield mrsjdubs dim pick take courthouse chasityromero sophisticate club brussels chain smallest commerce 38 engl8sh </s>,0,0.0,0.0
<s> kirankhanzada vain rerkaizen answer cheese git pakcricket lena paigearcher ihsanamin arena lauriebailey section prestonlowe concerts09 vietnam zacseif fadyanwar 226 ben </s>,0,-0.4215,0.4215
<s> pamderamus spooky alzaidy shelled1005 therealceaza7 chloe heart piss cleaninggirl cheer wolf uptake painters sharon transplant cheekithasinger me2 pratt cheetah sugar </s>,1,0.7003,0.7003
<s> jazz27 universe howliet reject gossip hate funky hbo farewell magnificent sylviegreen69 alzaidy raspberry sasha prestonlowe sedan make programme ores cost </s>,0,-0.5574,0.5574
<s> crew2 mt mikemoseng srv lama brucewez list goooooooooooooood chaos mike pedia hr slap kent mean jus lilpeadot item timelordsimone yakisoba </s>,0,-0.4767,0.4767
<s> dude vkgoeswild lobby santander iz exit toy s5 georgia ergo nail ð¾ bedoggtde playoffbeard foods shortly debbiefletcher encouragement michellecorona tfl </s>,1,0.4404,0.4404
<s> hymn fridge whatever ze welcome auth flat glitter parkway lemon thedavidblaise poland tedmurphy adorable goodnite ram lag shuttle krystheilen trophy </s>,1,0.5859,0.5859
<s> watkins chrisvanpatten brownish upset stroll lesser brush raw topo stalk expense apps gonna off mcp aahahahah whiplash bah leesasaur freak </s>,0,-0.6705,0.6705
<s> tilde fiesta32 vibratey cuddlebum nights childhood cartoonandrew foreverivy awful subset pigeon egyptian be redo po frappuccino moran ruin iloveyouuu girls </s>,0,-0.886,0.886
<s> japan attitude courtney319 barrier stun dramatic notoriousflirt fall tunisia sweetteach81 gsm shadcharleston warm demivenom sugar dry jimmy artist tj0830 lisaherrity </s>,1,0.1027,0.1027
<s> deposit svn half2329 truth mwuahmwuah yayayay ðµð¼ xscarletmx zhang merit lucaslubin carolina alexorman1 tank actually sowwiiiee awareness jodieharsh lincoln accordingtothem </s>,1,0.6249,0.6249
<s> shamileemac molly effort train invisible spend mrsrrc morning lisamariemary olive scale sons prisoner humans t0othache st look theneener rachel2206 watching05 </s>,0,-0.5423,0.5423
<s> mor fridge dis pleaseeeeee sissydawnie reference kudos guinness manager kieronjames coffin especially leesasaur breath wont sec laugh good correction braintree </s>,0,-0.257,0.257
<s> des h8 markrosenbauer defense watkins podcast good abbr week n97 chuckmemondays unlike yan fix ryan finalists harper jakesonaplane perimeter delight </s>,1,0.5574,0.5574
<s> noah roast bonnaroo thousand pamdemonium ingredients outside lobster myspace inaperfectworld muster marie citizen28 kor nathanryder something mcrmuffin hear cilia topshop </s>,0,0.0,0.0
<s> alsoknownaskels beers singsongy schoolwork cookie terrify york hm originally yuan91 notice 1p pauliecooks chart23 bamthedj traditional heywidya twilight comment poke </s>,0,-0.5106,0.5106
<s> magnificent fwd garden treadonmydreams mitchelmusso wood taxi josefamanriquez tough dad url allen miya ball ya joke insure championship fever iknowrite </s>,1,0.8176,0.8176
<s> yell pure engineer 18 however cave tuxotaku goodluck circle nycgrl88 glory glotto jessimikaaaa nasa 6a green thats block now cnn </s>,1,0.1531,0.1531
<s> isacullen leave sweetteach81 nashville today venetian stevebrunton annoy educational xchadballx tutorials kidnap engineer mississippi unite 9yrs tea thelarssan kayak anyway </s>,0,-0.4767,0.4767
<s> watch tan vegas http 24th happyyyyyyyyyyyyyy prisoner nothing id across dive electrical besides waynerobinson big test station threaten animal pirate </s>,0,-0.7269,0.7269
<s> sinus documentary cyclingamericas whitelaws precede happyyyyyyyyyyyyyy 8 vinifico tomato jasontancy dental brotherhood bacon profit cobra upp chance nickswisher cross branch </s>,1,0.5994,0.5994
<s> freshypanda iv http coat arthur hemlock chuck method pilot nikki harveymilk silent bifferlicious snake great software return humans lastoadri aceblack </s>,1,0.6249,0.6249
<s> hhh emo falloutkid07 amazon israel carpet ny 9am www situation bloat kiddshow hamilton tweetdeck annamariapdt icon requiem ruthramirez mayahzonfiya bj </s>,1,0.1779,0.1779
<s> dannidanishyo favor members good supasash11 restaurant jerzygrllys bakeries softandpoofyone sniff miserable 645 geeeasy salmon chuckatwork weak fireworks spain rbu camel </s>,0,-0.128,0.128
<s> mikemoseng futuredirected past kim retrieve 2mw 100 weight not reign ridiculous lena courthouse semprafi theories likesunday maggie1321 purebred bowl 2more </s>,1,0.2755,0.2755
<s> vh1hoops quot xo string gh conwizzle accent fort worldcat daniweezy mynameissasha thick watts jessilynn15 geeeasy 7000 hello blonde nikki terminator </s>,0,0.0,0.0
<s> picture mice souls abc staff near ergo vay feat cemetery review exactly mmmmmmmmm gas hood sunbathin mummmyyysss finalize surge brooklynblack </s>,0,0.0,0.0
<s> lupus needle highly vintage finger gutter meh bump favorites k swap whoop jofstar lab 15 socialist manga happen necklace hardly </s>,1,0.3612,0.3612
<s> anna fiancee father read jenny sl count session aria neighbour title squishymatter seinfeld many little treypeezy pre lap sunshine beth </s>,1,0.4939,0.4939
<s> gailporter djtracyyoung singapore daniel cta automatically guy paula stem staff juno replace yogi tinypic2701 draganababy swineshead doctor miriamcheah kenny follow </s>,0,0.0,0.0
<s> l8ly jewelry ed agent pop redo alike emmalina fabuleuxdestin tasty mark2 kicker holland 3am tampa asahi traffic fridge sometime ice </s>,0,0.0,0.0
<s> legality babybree96 jennieaguirre gonna cathylando curve baby dannymcfly add tuesday726 queen bin country salon kor lacrosse1984 steam mileycyrus falcon601 due </s>,0,0.0,0.0
<s> utrecht jackalltimelow prototype goodnighttt concerts09 fuck image2i ha luck cousins doubt wherever jamesmachan legend pavlova basically auburnjones sorrow degrees drealoveslife </s>,0,-0.6124,0.6124
<s> dragonflylsu nin none sack alkaline bill hope joanpatrick virginia worm orientation greatfitness better newsletter spot m0t0breath n doctor danielskowalski marshal </s>,1,0.7003,0.7003
<s> note sandiego annamariapdt rin jus village creativeness 13 tallwasp euphemism bin age dynamic dont suit artist redguitarfreak basically mcdonalds encourage </s>,1,0.8271,0.8271
<s> dreamluverz raid leap cemetery deadlyseagal scarf rampage prettysprinkles mossyrants dylancoyle 5ë tend errors greatness needle syria cynnergies uugggh pen goat </s>,0,-0.34,0.34
<s> head release hun pottery zeta basic rob anon 24oz ubershmoo freelancerant microbiology physics ignore imagination fry instantly prev spalongal kiddlive </s>,0,-0.7269,0.7269
<s> pigeon dsbabygirl sharma99 ring b09 shrew honestly liga creative emperor bid kudos jones suckahpunch heywidya mrbenrubery anger competition john marktheescape </s>,1,0.5574,0.5574
<s> thelarssan redneck dust brianhahn app shrink dover sweet atebits firmly didn drandolph diversitybgt socialist mouse evil lakers ought develop dizzee </s>,0,-0.34,0.34
<s> lacrosse1984 space79 10pm 3147808704 deploy woohooo petty channel goodnite mobile joeymartelli spongebob sarahsaner fan eight beat joanpatrick steve joelyah infect </s>,1,0.128,0.128
<s> receive sng mainly motivation french social yagsfan honest unfortunately individual daytrip mimic itsneet yt lisaworld uuuhhhgg middleton here effort fly </s>,1,0.5106,0.5106
<s> jessclarke rollerblade ex suppose fun canon musicmondays virtualstudios discoballs profile katherinelunt hekissedmyhand flute deal forever web s60v3 finalize host atl </s>,1,0.5106,0.5106
<s> voice skyblue4eva itsmyeyes knight cartoon lakes domkoenig kschwalm dgar daw premise rels dream became0 mainly horoscope nz bundle inside 2pm </s>,1,0.25,0.25
<s> constant twitsaver 211me matthew remote rattielovers rediscover may cloudy nasa void some conquerofawesom shell ellen martial17artist el toddbrink disneyland plant </s>,0,0.0,0.0
<s> wafflenya balloon indonesian bundle mobidextrous measure wellllll cradle hyperlink 226 number bravo chart nice festival babeeshark jar mainly mt chickens </s>,1,0.743,0.743
<s> steve suffer dapacheco similar street giuseppe should pick databases hobby sunbathin duchies allisonpalmer white goodninght dannymcevoy fabrics bonnaroo etc honor </s>,0,-0.0772,0.0772
<s> spoon playstation lesson swim si barry jam kieronjames moanyboot paparrazi lefigaro homestead anna worldwide lovedwoman cuddlebum whatever fault tweetdeck dear </s>,0,-0.0258,0.0258
<s> mileycyrus wan sami xmarksthestott2 although shayyyg robot kill microwave joannesmedley dew lips turkish brucewez vienna 7hours 2pm plug ai payne </s>,0,-0.6908,0.6908
<s> babybree96 kaaatieexlee boot enact brotherhood twtrcon article asiabrands relieve skills littlefletcher just bridge house diet revision surgery brianhahn jur keyboards </s>,1,0.3612,0.3612
<s> sherrilynne stephenperry holiday lag ooooooooo mama mawbooks month 53 chriscornell bet 21 work version acoustic kathybuckworth their children srv mainly </s>,1,0.0772,0.0772
<s> costa utah gif dannywood heatworld ats chance graham decade tommy maddieque bill isp jadeisla directly basketball real essential modes youtube </s>,1,0.25,0.25
<s> expense hannahfaulkes verseghy honor exactly governor waist jennluvs2sing bright anansha local security yourproxycomm terrencej106 graham pea info classmates cheap lamina </s>,1,0.8176,0.8176
<s> ajanay7 rucksack trump remote storyline02 ban svn euros issn episodes low tape bidders zacseif mee matt toast bitch ram gear </s>,0,-0.8591,0.8591
<s> 8hrs sacrifice extremely photoshop within hatchet aj booth whilst piss friend oz milestones hasn annaaralar wot virginia24 assessment watts heavily </s>,1,0.128,0.128
<s> 29 kimboyee lecture alkaline december mrstessyman jimmycostello jammedhands morning surf vegan buckhollywood religious elections rzburg compete glorious questlove definite bradiewebbstack </s>,1,0.743,0.743
<s> danielskowalski cocopuffs laws gender blow mandyblake gallery kreesha jasonjordan rhyme candle honorsociety entertainment everything interview mayoroflondon conversation fighters 20s happier </s>,1,0.7184,0.7184
<s> miss rcsaustin ridiculously muster wherever devastate macabroso communitycoffee therealceaza7 lesser puzzle jessimikaaaa thank ct celeb previous nickswisher shaunmichaelb everybody primeroguero </s>,0,-0.6808,0.6808
<s> slow habit requester design joshuamarch technicalfault sunburnt mcp earthquakes puppets markhundley cafe cousin brooklynblack traditional religion vadimphoto blow dapacheco chicken </s>,0,0.0,0.0
<s> oh hairdryer life cord congo itsneet sub tent jessiwithoutyou nakulshenoy journ push password uahauha tehkimber non ranggrol alexorman1 impossible pack </s>,0,0.0,0.0
<s> reaction cherries gym saison title alcohol kschwalm brightgirl allele tubilino force tiara b mis huhuhuhu boleyn message patriot timelordsimone lap </s>,0,0.0,0.0
<s> always venue tennis dmy n addiction robdyrdek trip 8am mobster3000 mum smallest most bnp reckon toothsoup sarcasticluther toothache wake georgia </s>,0,0.0,0.0
<s> description toni jodymal sell childless idol ment duchies jacksonwages couldnt darling everyone summersteam instead davidgallant sl fresh fiesta32 moment people </s>,0,-0.1955,0.1955
<s> brettkloesel braintree amendment joey shewasyar isnt 10mins sf letmypridebe 270 pineapple walshyyy vines inspire harder unpleasant shut bowler forte days </s>,1,0.1531,0.1531
<s> petty method ladyfivestar knight shaunmichaelb squarespace ohio muse hemlock dublin98dave precisely dense william blogging speeches cs chan straw instal remedy </s>,0,-0.2023,0.2023
<s> aku gentlemen reign asap f1 djokovic score seaman finally relieve super littlebites bass georgefiddler permission imagination mrskutcher whilst speak daniel </s>,1,0.7506,0.7506
<s> smoshian torrent putin mrbenrubery djvictorsalazar cube plug ì lucky festivallights mack feather brianhahn twilightfan023 decker509 auto bem out teddy lounge </s>,1,0.4215,0.4215
<s> somewhere function markhundley lap fl rebuild class nhoustonreed neighbor spec even lesleychang sincere avalon vegas cowboy ladyfivestar doreenatdms nla fuckkkkkkk </s>,1,0.4019,0.4019
<s> look must psittacine rog filter sir djalizay sandwich eee dannsimmons katie hehehehe elle awkwardness australia yourmamaknows 98rockunit w8 lisaworld shakes1327 </s>,0,-0.1779,0.1779
<s> utter never lil danielskowalski waterproof lot holly bipolar rate fm angieelenis backup234 spoon absolute dad jaynunez shin horn gaga adelaide </s>,0,0.0,0.0
<s> gamehounds rachel2389 outlook 2night awhile slide marginatasnaily josh suuuuch hardcore orgasming dodgers pandora 32gb break punk polar10 absolute computer bouts </s>,0,0.0,0.0
<s> monchainow bakeries eastcoastgamblr lauralkgw string willflowers royale official ga cikajang longtime lemonade airwaves twitterers cheetah neither scare jofstar americans certificate </s>,1,0.3875,0.3875
<s> kenny micheleeeex insane cap truly zacharyxbinks callkidskrazy courthouse champorado staceybug hurt millionth 13109611046 mrskutcher cooler redbull manga mayoroflondon here57 wat </s>,0,-0.4939,0.4939
<s> me2 worth cadet spectacular mawbooks mason7 spa route mahogany85 x enthusiastic yourmommasboy hose squash airlines large stuartwhitman mee plabyorteaux backdrop </s>,1,0.6249,0.6249
<s> darn blahahahhhahha coco arent wit daisymoonstars molliebatmit matt king617 stonehenge naomi413 democracy domination whose drug catharsiss til britain vicbeezy destinyhope92 </s>,0,-0.0516,0.0516
<s> laughscreamsing mommasalty paul hbo grandmother relieve kenya drew123 taylor others soulsupreme triplepatte honorsociety 6a gaylechance whole crazy summary emotion unite </s>,1,0.0258,0.0258
<s> guy biggest addict raise common9000 lounge pack syria allergies stupid mma phx younger plabyorteaux wive hatchet kerrylouisexxx lesser men fab </s>,0,-0.1027,0.1027
<s> 66keen61 bella liga pose ð¾ð²ñ upgrade upstairs sparkle beautiful sophiakills parade rapper mike turkish wellllll mic glad theodorainish dj kayak </s>,1,0.8658,0.8658
<s> watch mw2 broadcast download afternoon 24th brevity twitsaver borrow614 power xxxx brianhahn software uugggh lunchtime texting gift thin calcium leaflet </s>,1,0.4404,0.4404
<s> ally anna leeboardman start barrier approve clothe kimkardsashian authentic nap jackalltimelow whose fo shia dazzlemethis let whenever haters lazy ahhhaaaa </s>,0,-0.7351,0.7351
<s> ladytron animal star their animorphs tehkimber illusion include realdeal32 baseball 40 political beast prefer bandmate v3 lay risky steroid perpetuate </s>,0,-0.2023,0.2023
<s> nikki season sheen seas joe gay male deny mack literally nap beyond fremantle mc ow danielhunt convention <s> uncoool crumble </s>,0,-0.34,0.34
<s> ddublover admin join60seconds sandysweetness peter again tinytwitter sentence refund pj g1 vancouver item dad yan tell print cities themandymoore prince </s>,1,0.4019,0.4019
<s> abbey shop broadband quantum shots spaghetti valentine hours separate jonas mo dramatic bay booty wed mmff lor remember janet nashville </s>,0,0.0,0.0
<s> gonna due lefigaro pascal refund markvanbaale wise sleeper karl reserve 19th quick completely romylovesmcfly fishfinger establish clairemsp draw fold cupcakes </s>,1,0.4767,0.4767
<s> por very april zyrtec rebecca372 intro mcpattz stern127 nights buckle miami juku children lanka pow mallorygallery coma gonna creativesoul kschwalm </s>,0,0.0,0.0
<s> semesters impressive canto ð½ð¾ñ medications witty victorious everyday cholesterol amuse everyone lightfoot mallrats boot roxerally ð¾ milkshake whatever pow texting </s>,1,0.7184,0.7184
<s> get successfully degree268 curve frog awful script hail voice1061 reinvent 30stmluva schoooool beth szombathely aim code pong markhundley noise danmattia </s>,1,0.128,0.128
<s> maddlepaddle forte pee ignore winner anonymoustom hoe shutouts cleaninggirl res397 lalalala kerryberry linproducts crawl 26 forward outer jelly1996 yaneri endorphite </s>,1,0.3182,0.3182
<s> place levnumesmerized lamina aunt march baybaybayvh1 adventure iam smc lizamtl mpt unfortunate clublink crackers mouse registry sri everywhere nintendo cultureshockmag </s>,0,-0.1779,0.1779
<s> clap board angelaisawesome willfrancis yorrrrk gloomy sign push devonmarie78 lilcdawg lucyfurleaps parent stadium develop beingnobody bet oldid itch routine winger </s>,0,-0.1531,0.1531
<s> complaints catrocketship gamespot noah 1967 ndtv twinkle 30stmluva rhyme josh diego mmmmmmmmm be aldorisolvo exist eagles89 kwamedidit atleast defense recipe </s>,0,-0.296,0.296
<s> get await sarahmaq rockahunny ugottaloveindi personality vote 38 update tubilino dirkjohnson virtualstudios sugarassaultme apps putin kaizersose86 tucker even legs bigwormy </s>,1,0.1027,0.1027
<s> goalie alkingyouworms bakeries musewire gamehounds roland juice actors purebred lilpeadot shamelessangel reckon24 brazilian permission chamber amylovegrove fake simone93 syrian michelle </s>,0,-0.4767,0.4767
<s> masiosare hallcountyga testimonials joy xirclebox aliceadict mark2 mazziez pie danmattia wec chickens lovedwoman iz malemute punk kill iknowrite tower confessions </s>,0,-0.2263,0.2263
<s> awhile noone chuckatwork berthofstede meets625 refer 90 645 gba mi rip instantly goodness500 paradise ges her n entry daytrip 3they </s>,1,0.6369,0.6369
<s> kylieeann djokovic avatar mcflyharry disk guitars nhoustonreed vegas sedonadreammakr saint minecraft comformfortable cody ky darkufo trip brownish hairdryer manxstef b09 </s>,0,0.0,0.0
<s> cassidy 211me imagine ota gotta force lau pokemon hd crow discount ninja wifi profile princesstabs smokers know recommendations knitpicks ankle </s>,0,0.0,0.0
<s> katemeadows humanity nathanryder thejetontnt geeeasy political sprinkle even bikini withdraw pledge twitterworld facebook youre mikecane sukebeuchujin mandolin2 literary envy delight </s>,1,0.4215,0.4215
<s> tubilino 354 marygoongirl uptake bleed exam cellular nozuka vb richard farewell flowersbyfarha soak mercato skinny logo damage kinderlola crappy paularos </s>,0,-0.7783,0.7783
<s> chinese salmon ats reject demivenom bristol eve k mistress tellllll allergytastic commute webb 4pm worldcat foam analogs goose pen anni </s>,0,-0.4019,0.4019
<s> perfume yada say potential whatever regret martin develop jajjaja 2get ð¾ misssimone32 wo shewasyar 4rm eddidit bbf unblock pledge sideways </s>,0,-0.4215,0.4215
<s> ramble across raft pussycat awful response letter briaaaa hate food 9am manga knit olive remember ciarancuffe misternoodle dish ths gutted </s>,0,-0.7717,0.7717
<s> brooklyn drown reality ringtone halfway tip recommend houston member legal sideways 7am se former head crazytwism janjohannesson omg prosperous tamapalace </s>,1,0.34,0.34
<s> clement ijustmightendit ang limit 3d hospital full dim neck ringtone maximum ninoushka sunglasses juiceeeee gibbs ashley positive pin bbf describe </s>,1,0.5574,0.5574
<s> josh district bencusick92 friend jun wet 7hours until sandy56 recoverhealth space stand twitprentice ncaa online ashleymoran 5am previous idols sctunstall </s>,1,0.4939,0.4939
<s> greatfitness sarahmaq exit proconcert hi tarswebb original missmass thrill mcmahon simple serious sense sulfate xgracestackx treypeezy taliyalltimelow productive guitars taylorswift13 </s>,1,0.5423,0.5423
<s> cookiethief3 mygameloft luvmyfeline stickers sufferers shia lisaherrity fridaynitemix moanyboot permissions barra toothache mwahahaha matter holiday happyyyyyyyyyyyyyy justinmgaston hk om square </s>,0,-0.1531,0.1531
<s> 1 link country norman compare clumsy sketchbook bff ailujulia evil internees sprout allenbenjamin eastenders archuleta earthquake back sad couple norwegian </s>,0,-0.5574,0.5574
<s> configurable fiesta32 wine idolscott happyyyyyyyyyyyyyy punch trap suspiciousminds cheer unlock subscription 1045chumfm switch2008 sit cardboard distract wasps shall nelldamylf build </s>,0,-0.0516,0.0516
<s> storm hp practice summit boot 66keen61 temperatures coffin ft session bom stewart0220 lena diz fb tamihackbarth linproducts banner msdivamom badbadgirlx </s>,0,0.0,0.0
<s> brother angieelenis format lakes folks emjaystar empathy vancouver original 29th clergy f scene jordanrocksawks assshooolllleee strip xscarletmx custom secular damp </s>,1,0.3182,0.3182
<s> cmaecy floppy ipod sharon totally metro zeta rcsaustin museum zone intelligent roxibear brothers renew sarahanngreen basundra britlove figure complain ft </s>,1,0.128,0.128
<s> whisenhunt task bumblebeebree intern lovedwoman jakesonaplane understand joel nsw physically bigbadbob75 concert word comp offend 20 shoulder khloekardashian zacharyxbinks episodes </s>,0,-0.296,0.296
<s> ranggrol backdrop dms clinical joshgroban false snobbishness gsm curve oz 3147808704 doi playschool force dsbabygirl 19 bunch metallica hahhaha look </s>,0,-0.2732,0.2732
<s> 2010 blanket la liturgy joeymcintyre bear att soulsupreme spa obvious prime madison candyfloss beccalovesbooks rafaqat nicolerichie sandwich backyardigans anything meantime </s>,0,0.0,0.0
<s> fight awkwardness pity dufalbagent srs poetry harmless matthewsheppard angela nm mommasalty grieve login barley milie also tis jennhoffman afterwards steve </s>,0,-0.7269,0.7269
<s> barley britlove twitterville browne chaos dog bf quickly bury flag sumo miiikeo hay snap grp enhancements 3am 20th imagine broadcast </s>,0,-0.5719,0.5719
<s> wan juku reserve 20mins woofwednesday for bake indo quiz chapman85 risk extract wolverine betheaeroplane beyondbeeton outside hull mmmmmmmmmmmmmmmm eleven kermitbox </s>,0,-0.2732,0.2732
<s> fetch miriamstaley apple potter grudge molliebatmit tuck shred jennieaguirre calibre ruler circumcise julibarcelona priscilla moleskine playlist corriander stuff nashville eldest </s>,0,0.0,0.0
<s> slip wwe shayyyg students leesasaur toni iroooooning outer onihdiwb danielhunt pak uh assort ryanakaimtf wind lovekikiii hangover sweetteach81 minneapolis chapters </s>,0,0.0,0.0
<s> deeper coco buzz hatchet 1vs100 football talkaboutluck cr8tivecandy nightshiftnurse reinvent shaunhailes mobile ridiculously cruz charity 4hr snowshoemtn diary noone emotionally </s>,1,0.1027,0.1027
<s> ed thebrianposehn mi88s dot12b 211me songwriters ram vegan blatant news exit hardbean monsoon fixreplies department plunge really legend contrato solo </s>,0,0.0,0.0
<s> months darn reckon beg germany monopoly wat zoom u hombre group tera seth pong g1 button preset genius monchai advice </s>,1,0.34,0.34
<s> janeeeyy julibarcelona sweet stluciangirly fully case bump logic coward grad radioplay dannymcfly amazingphil carradine revoke bball eminem anorthernsoul iris dmy </s>,0,0.0,0.0
<s> chef pookthy 2fly2being fiberwig 53 pose indonesia applebee variable horse mastermind normally domestic timelordsimone greatest color safari ohsuperheroine myliverandlungs east </s>,1,0.6369,0.6369
<s> courtneycamilla aka upset geek princesammie superuber7 call arm manners helpful adriatic trans asamahmad odds better contrato win gb pound reprint </s>,1,0.7269,0.7269
<s> unpleasant thejetontnt spill tearlesspoet dover snake vh1hoops raaaaaaek yakisoba confessing7girl jenny annaaralar ye dmy vegan helenrampling ichi soda littleradge isabokelly </s>,0,-0.4767,0.4767
<s> mrbenrubery ciarancuffe futuredirected rajacenna mee novels patrickaxe epilogue knowwwwww about simon men chinese circus slow theothermousie some hw september strong </s>,1,0.5106,0.5106
<s> mamasaywhat line browne summ hairdryer underbelly mb homemade sonar 2borrow ofaydevil destinyhope92 utrecht pit mother steam desilynnsmom celebration idno dannidanishyo </s>,0,0.0,0.0
<s> healthy keepithandy fossils rd beyondbeeton wonderland specially instructors assets hour zhang havent mobidextrous somefink poland taylorswift13 throne migsmusiclover car house </s>,1,0.5267,0.5267
<s> kim bonus threaten moisture spin beb carolermp teen kirstielu thealaskanking stumbleupon renatebeate pearlywrites 2borrow clergy gabelicious ilikebubbles translate richie lie </s>,1,0.2263,0.2263
<s> franserraga keyboards skeggylady goooodnight tax 6 calistafoxbooks barrett rachel2389 route jet cos bookshelf sister shortage easier real monarchy ako dry </s>,1,0.2023,0.2023
<s> thursday although woman chen fob horse commercial psittacosis scare writers french general streets cleaninggirl anchor text they flo494 thunderstorm chrisworthy </s>,0,-0.4939,0.4939
<s> illusion11 martin hv include watts katecollinsnyc opp atm association kea34 prisoner sue meaningless energy veinsworld 4everbrandy search cherries dvr air </s>,0,-0.6486,0.6486
<s> michellecorona jennluvs2sing latimes choice release vid 20 julian programmer scotland ery sissydawnie dot dot goggle assort insure que smileytee serena </s>,0,0.0,0.0
<s> salute thrill rhettroberts rio dyn upgrade love hobby bendywalker s60v3 to annelizabeth84 rim falloutkid07 fh mississippi lag release aprealbrooke paigeclay </s>,1,0.6486,0.6486
<s> indrairwan chesterfield 33 press blogger wonder canvas weeeell dallas achieve calculator jennaleight xxitsdaniellexx vin plague iv gr8 10 murphy yorrrrk </s>,1,0.5719,0.5719
<s> mnr where tuesday woman danielle tuck spread party deletion absolute bass silence starve comic ð½ðµ tnaaddicted fry knees pete irishdeafkids </s>,0,-0.0516,0.0516
<s> screenwipe suspect anissapramudita brigade stern127 archive timo nude treacherous brianmcnugget paparrazi whose straighten 41 native rush anew cheeseburger whilst sweet </s>,1,0.2023,0.2023
<s> kate touch dmy underwood ish small hat speed joeymcintyre gas reserve due ps3 pint upside mygoldenchild17 fun ballet england gabysslave </s>,1,0.5106,0.5106
<s> go ijanette main puppets tonight fam merit shimmylicious steep allisonpalmer machine rfargnoli patrick berthofstede robber tiiiink s5 shortly warp chriscavs </s>,0,-0.2023,0.2023
<s> rumor shelve duck suspiciousminds england keen eni eve lau gracious karen rockonrebelchld zimnla liverpool comma63 total hasn shewasyar homestead followers </s>,1,0.7269,0.7269
<s> hit content rels internship occupy peach lisaworld flare artunexpected confessions if remembermeninab sicklittlefox misssimone32 dichenlachman cigarette daisymoonstars lag jenisecook trachtenberg </s>,0,-0.34,0.34
<s> ppell lanka body home house sprout exhaust type mixtape favourite univ luxurious cradle roarface haunt aahahahah w kreeshaturner alice vara </s>,0,-0.5994,0.5994
<s> chat yer add blevisthename alpha virtual swamp spencerpratt richie disk fort magicians jason vb quite wive spare1980 ngl 26th still </s>,0,0.0,0.0
<s> william still syria leader brazilian deploy ashley mikemoseng hagackure sour nut ensign testimonials lisabeth nonconformist mandatory rerun jean mb attitude </s>,1,0.0772,0.0772
<s> california delilahmarie89 dentist large doodle colleagues im happy ze ther sheet syrian smell qcityplayers bridge heck bj competition demerol promote </s>,1,0.743,0.743
<s> really pre mourn donalvar shittiest sagittarius ole zoom mygameloft v3 testes modem person river sarabethxvx tower find yan bang raptors </s>,0,-0.8166,0.8166
<s> break jazzyyyyyy disappointment severe va message 22 hate barber00 pile iamlegend01 29th conference motivate ga mumbai dam pick japanese barely </s>,0,-0.7906,0.7906
<s> sarahbelle93 ð²ñ humans pa audio marathon kccopydiva apparently broadcast paddy huh hopefully catchy ahhhhhhh fine impair crush pavlova charltonbrooker strobelight </s>,1,0.4404,0.4404
<s> gray theã½ girl infect 30 somemaysay advantage celebrations depression miami bs sex association lancesmithshow vat rubbish berlin display blink web </s>,0,-0.4019,0.4019
<s> go stewart followfriday oneself meltdown nova auth should shayyyg jones south cholesterol inland 2was exceed sly 3147808704 mmmmmmmmm hymn thisislivestyle </s>,0,0.0,0.0
<s> elmundo needle anybody 3am monopoly rescue tone now magnificent mommapuff laughingyogini tamapalace deserve whisenhunt reign dash microwave benson bean abandon </s>,1,0.6486,0.6486
<s> lie anymore melee notoriousflirt jailbroken ap cctjoh pics certain jackie xoxoroxyxoxo cathvontrapp phn nut dmy cs kinggimini ooooooo cautious zyrtec </s>,1,0.1779,0.1779
<s> communitycoffee jithinkr character 13109611046 buckle fridge ijessicasimpson map leticiaah vic attitude playschool beat doom ctl exceed fireworks software lostartofmurder asamahmad </s>,0,-0.4019,0.4019
<s> itsconsiderate echo friends shahidkapoor admit xlittlemisstuki parent paterzattack prove curl defend dadonwoogz 8pm disappoint xstaticstacey diz peek coward raid francheska28 </s>,0,-0.2023,0.2023
